
[12:24:24 UTC] [SUCCESS] {"required_plugins":{"active":[],"inactive":[],"notinstalled":[]},"third_party_required_plugins":[],"update_avilable_plugins":[],"incompatible_plugins":[],"error":false} | Context: {"required_plugins":{"active":[],"inactive":[],"notinstalled":[]},"third_party_required_plugins":[],"update_avilable_plugins":[],"incompatible_plugins":[],"error":false}
[12:24:25 UTC] [SUCCESS] {"permissions":{"is_readable":true,"is_writable":true,"is_wp_filesystem":true},"directory":"C:\\xampp\\htdocs\\portfolio\/wp-content\/uploads"} | Context: {"permissions":{"is_readable":true,"is_writable":true,"is_wp_filesystem":true},"directory":"C:\\xampp\\htdocs\\portfolio\/wp-content\/uploads"}
[12:24:56 UTC] [SUCCESS] {"required_plugins":{"active":[],"inactive":[],"notinstalled":[{"slug":"elementor","init":"elementor\/elementor.php","name":"Elementor","action":"http:\/\/localhost\/portfolio\/wp-admin\/update.php?action=install-plugin&plugin=elementor&_wpnonce=bb470abdf5"},{"slug":"wpforms-lite","init":"wpforms-lite\/wpforms.php","name":"WPForms Lite","action":"http:\/\/localhost\/portfolio\/wp-admin\/update.php?action=install-plugin&plugin=wpforms-lite&_wpnonce=9fef0e27a7"}]},"third_party_required_plugins":[],"update_avilable_plugins":[],"incompatible_plugins":[],"error":false} | Context: {"required_plugins":{"active":[],"inactive":[],"notinstalled":[{"slug":"elementor","init":"elementor\/elementor.php","name":"Elementor","action":"http:\/\/localhost\/portfolio\/wp-admin\/update.php?action=install-plugin&plugin=elementor&_wpnonce=bb470abdf5"},{"slug":"wpforms-lite","init":"wpforms-lite\/wpforms.php","name":"WPForms Lite","action":"http:\/\/localhost\/portfolio\/wp-admin\/update.php?action=install-plugin&plugin=wpforms-lite&_wpnonce=9fef0e27a7"}]},"third_party_required_plugins":[],"update_avilable_plugins":[],"incompatible_plugins":[],"error":false}
[12:24:56 UTC] [SUCCESS] {"permissions":{"is_readable":true,"is_writable":true,"is_wp_filesystem":true},"directory":"C:\\xampp\\htdocs\\portfolio\/wp-content\/uploads"} | Context: {"permissions":{"is_readable":true,"is_writable":true,"is_wp_filesystem":true},"directory":"C:\\xampp\\htdocs\\portfolio\/wp-content\/uploads"}
[12:25:28 UTC] [SUCCESS] {"required_plugins":{"active":[],"inactive":[],"notinstalled":[{"slug":"elementor","init":"elementor\/elementor.php","name":"Elementor","action":"http:\/\/localhost\/portfolio\/wp-admin\/update.php?action=install-plugin&plugin=elementor&_wpnonce=bb470abdf5"},{"slug":"wpforms-lite","init":"wpforms-lite\/wpforms.php","name":"WPForms Lite","action":"http:\/\/localhost\/portfolio\/wp-admin\/update.php?action=install-plugin&plugin=wpforms-lite&_wpnonce=9fef0e27a7"},{"name":"SureRank","slug":"surerank","init":"surerank\/surerank.php","optional":true,"action":"http:\/\/localhost\/portfolio\/wp-admin\/update.php?action=install-plugin&plugin=surerank&_wpnonce=dd1889e30d"},{"name":"SureCookie","slug":"surecookie","init":"surecookie\/surecookie.php","optional":true,"action":"http:\/\/localhost\/portfolio\/wp-admin\/update.php?action=install-plugin&plugin=surecookie&_wpnonce=4974a09190"}]},"third_party_required_plugins":[],"update_avilable_plugins":[],"incompatible_plugins":[],"error":false} | Context: {"required_plugins":{"active":[],"inactive":[],"notinstalled":[{"slug":"elementor","init":"elementor\/elementor.php","name":"Elementor","action":"http:\/\/localhost\/portfolio\/wp-admin\/update.php?action=install-plugin&plugin=elementor&_wpnonce=bb470abdf5"},{"slug":"wpforms-lite","init":"wpforms-lite\/wpforms.php","name":"WPForms Lite","action":"http:\/\/localhost\/portfolio\/wp-admin\/update.php?action=install-plugin&plugin=wpforms-lite&_wpnonce=9fef0e27a7"},{"name":"SureRank","slug":"surerank","init":"surerank\/surerank.php","optional":true,"action":"http:\/\/localhost\/portfolio\/wp-admin\/update.php?action=install-plugin&plugin=surerank&_wpnonce=dd1889e30d"},{"name":"SureCookie","slug":"surecookie","init":"surecookie\/surecookie.php","optional":true,"action":"http:\/\/localhost\/portfolio\/wp-admin\/update.php?action=install-plugin&plugin=surecookie&_wpnonce=4974a09190"}]},"third_party_required_plugins":[],"update_avilable_plugins":[],"incompatible_plugins":[],"error":false}
[12:25:51 UTC] [INFO] Starting import process | Context: {"template_type":"classic","uuid":""}
[12:25:51 UTC] [INFO] Started Import Process
[12:25:51 UTC] [INFO] # System Details: 
[12:25:51 UTC] [INFO] Debug Mode 		: Disabled
[12:25:51 UTC] [INFO] Operating System 	: WINNT
[12:25:51 UTC] [INFO] Software 		: Apache/2.4.58 (Win64) OpenSSL/3.1.3 PHP/8.2.12
[12:25:51 UTC] [INFO] MySQL version 		: 10.4.32
[12:25:51 UTC] [INFO] XML Reader 		: Yes
[12:25:51 UTC] [INFO] PHP Version 		: 8.2.12
[12:25:51 UTC] [INFO] PHP Max Input Vars 	: 1000
[12:25:51 UTC] [INFO] PHP Max Post Size 	: 40M
[12:25:51 UTC] [INFO] PHP Extension GD 	: No
[12:25:51 UTC] [INFO] PHP Max Execution Time 	: 120
[12:25:51 UTC] [INFO] Max Upload Size 	: 40 MB
[12:25:51 UTC] [INFO] Memory Limit 		: Current memory limit 40M. We recommend setting memory to at least 64M.
[12:25:51 UTC] [INFO] Timezone 		: 0
[12:25:51 UTC] [INFO] 
-----

[12:25:51 UTC] [INFO] Importing Started! - 12:25:51 UTC
[12:25:51 UTC] [INFO] ---

[12:25:51 UTC] [INFO] WHY IMPORT PROCESS CAN FAIL? READ THIS - 
[12:25:51 UTC] [INFO] https://wpastra.com/docs/?p=1314&utm_source=demo-import-panel&utm_campaign=import-error&utm_medium=wp-dashboard

[12:25:51 UTC] [INFO] ---

[12:25:51 UTC] [SUCCESS] Import process start flag set successfully | Context: {"template_type":"classic"}
[12:25:52 UTC] [INFO] Image subsizes deferral enabled for import
[12:25:52 UTC] [INFO] Image subsizes deferral enabled for import
[12:25:52 UTC] [INFO] Image subsizes deferral enabled for import
[12:25:53 UTC] [INFO] Checking if plugin directory clearing is needed
[12:25:53 UTC] [INFO] Plugin install clear directory enabled - Will clear destination directory
[12:25:53 UTC] [INFO] Plugin install clear directory options returned
[12:26:01 UTC] [INFO] Image subsizes deferral enabled for import
[12:26:14 UTC] [INFO] Image subsizes deferral enabled for import
[12:26:14 UTC] [INFO] Image subsizes deferral enabled for import
[12:26:14 UTC] [SUCCESS] Plugin Activated | Context: {"success":true,"status":"activated","message":"Plugin Activated"}
[12:26:14 UTC] [INFO] Image subsizes deferral enabled for import
[12:26:15 UTC] [INFO] Checking if plugin directory clearing is needed
[12:26:15 UTC] [INFO] Plugin install clear directory enabled - Will clear destination directory
[12:26:15 UTC] [INFO] Plugin install clear directory options returned
[12:26:40 UTC] [INFO] Image subsizes deferral enabled for import
[12:26:40 UTC] [INFO] Image subsizes deferral enabled for import
[12:26:41 UTC] [SUCCESS] Plugin Activated | Context: {"success":true,"status":"activated","message":"Plugin Activated"}
[12:26:41 UTC] [INFO] Checking if plugin directory clearing is needed
[12:26:41 UTC] [INFO] Plugin install clear directory enabled - Will clear destination directory
[12:26:41 UTC] [INFO] Plugin install clear directory options returned
[12:26:41 UTC] [INFO] Image subsizes deferral enabled for import
[12:26:50 UTC] [INFO] Image subsizes deferral enabled for import
[12:26:50 UTC] [INFO] Image subsizes deferral enabled for import
[12:26:50 UTC] [SUCCESS] Plugin Activated | Context: {"success":true,"status":"activated","message":"Plugin Activated"}
[12:26:50 UTC] [INFO] Checking if plugin directory clearing is needed
[12:26:50 UTC] [INFO] Plugin install clear directory enabled - Will clear destination directory
[12:26:50 UTC] [INFO] Plugin install clear directory options returned
[12:26:57 UTC] [INFO] Image subsizes deferral enabled for import
[12:26:57 UTC] [INFO] Image subsizes deferral enabled for import
[12:26:57 UTC] [SUCCESS] Plugin Activated | Context: {"success":true,"status":"activated","message":"Plugin Activated"}
[12:26:58 UTC] [INFO] Checking if plugin directory clearing is needed
[12:26:58 UTC] [INFO] Plugin install clear directory enabled - Will clear destination directory
[12:26:58 UTC] [INFO] Plugin install clear directory options returned
[12:27:00 UTC] [INFO] Image subsizes deferral enabled for import
[12:27:00 UTC] [INFO] Image subsizes deferral enabled for import
[12:27:00 UTC] [INFO] All required plugins verified successfully.
[12:27:01 UTC] [INFO] Image subsizes deferral enabled for import
[12:27:04 UTC] [INFO] Image subsizes deferral enabled for import
[12:27:04 UTC] [INFO] ---

[12:27:04 UTC] [INFO] Starting WP Forms import process
[12:27:04 UTC] [INFO] info | Context: {"file_url":"https:\/\/websitedemos.net\/wp-content\/uploads\/astra-sites\/1513\/wpforms.json","timeout_seconds":300}
[12:27:04 UTC] [INFO] success | Context: {"file_url":"https:\/\/websitedemos.net\/wp-content\/uploads\/astra-sites\/1513\/wpforms.json","file_size":1523,"uploaded_file":"C:\\xampp\\htdocs\\portfolio\/wp-content\/uploads\/2026\/08\/wpforms.json"}
[12:27:04 UTC] [SUCCESS] File downloaded successfully from: https://websitedemos.net/wp-content/uploads/astra-sites/1513/wpforms.json
[12:27:04 UTC] [INFO] Checking if WPForms is already loaded
[12:27:04 UTC] [INFO] WPForms is already loaded and ready
[12:27:05 UTC] [SUCCESS] Successfully inserted WP Form ID 7 - Contact Form
[12:27:05 UTC] [INFO] WPForms ID mappings saved: 1 mappings
[12:27:05 UTC] [SUCCESS] WP Forms Imported. | Context: {"message":"WP Forms Imported.","mapping":{"217":7}}
[12:27:10 UTC] [INFO] Image subsizes deferral enabled for import
[12:27:12 UTC] [INFO] ---

[12:27:12 UTC] [INFO] Starting XML preparation process
[12:27:12 UTC] [INFO] Starting XML data preparation | Context: {"wxr_url":"https:\/\/websitedemos.net\/wp-content\/uploads\/astra-sites\/1513\/wxr.xml"}
[12:27:12 UTC] [INFO] info | Context: {"url":"https:\/\/websitedemos.net\/wp-content\/uploads\/astra-sites\/1513\/wxr.xml","host":"websitedemos.net"}
[12:27:12 UTC] [INFO] WXR URL validation passed
[12:27:12 UTC] [INFO] Starting XML file download | Context: {"url":"https:\/\/websitedemos.net\/wp-content\/uploads\/astra-sites\/1513\/wxr.xml"}
[12:27:12 UTC] [INFO] info | Context: {"file_url":"https:\/\/websitedemos.net\/wp-content\/uploads\/astra-sites\/1513\/wxr.xml","timeout_seconds":300}
[12:27:14 UTC] [INFO] success | Context: {"file_url":"https:\/\/websitedemos.net\/wp-content\/uploads\/astra-sites\/1513\/wxr.xml","file_size":931961,"uploaded_file":"C:\\xampp\\htdocs\\portfolio\/wp-content\/uploads\/2026\/08\/wxr.xml"}
[12:27:14 UTC] [SUCCESS] XML file downloaded successfully | Context: {"file_path":"C:\\xampp\\htdocs\\portfolio\/wp-content\/uploads\/2026\/08\/wxr.xml"}
[12:27:14 UTC] [INFO] Inserting XML file as attachment | Context: {"filename":"wxr.xml"}
[12:27:14 UTC] [SUCCESS] XML attachment created | Context: {"post_id":9}
[12:27:14 UTC] [INFO] Generating attachment metadata | Context: {"post_id":9}
[12:27:14 UTC] [INFO] Parsing XML data from file | Context: {"post_id":9}
[12:27:14 UTC] [INFO] info | Context: {"xml_file_path":"C:\\xampp\\htdocs\\portfolio\/wp-content\/uploads\/2026\/08\/wxr.xml","xml_post_id":9}
[12:27:14 UTC] [INFO] success | Context: {"xml_file_path":"C:\\xampp\\htdocs\\portfolio\/wp-content\/uploads\/2026\/08\/wxr.xml","post_count":15,"media_count":36,"author_count":2,"comment_count":0,"term_count":5}
[12:27:14 UTC] [SUCCESS] XML data preparation completed successfully | Context: {"post_id":9,"has_data":true}
[12:27:16 UTC] [FATAL] There was an error on website: Uncaught Error - Class "Elementor\Core\Experiments\Manager" not found | Context: {"error_type":"Uncaught Error","message":"Class \"Elementor\\Core\\Experiments\\Manager\" not found","file":"C:\\xampp\\htdocs\\portfolio\\wp-content\\plugins\\elementor\\includes\\plugin.php","line":682,"trace":"#0 C:\\xampp\\htdocs\\portfolio\\wp-content\\plugins\\elementor\\includes\\plugin.php(623): Elementor\\Plugin->init_components()\n#1 C:\\xampp\\htdocs\\portfolio\\wp-includes\\class-wp-hook.php(341): Elementor\\Plugin->init('')\n#2 C:\\xampp\\htdocs\\portfolio\\wp-includes\\class-wp-hook.php(365): WP_Hook->apply_filters(NULL, Array)\n#3 C:\\xampp\\htdocs\\portfolio\\wp-includes\\plugin.php(522): WP_Hook->do_action(Array)\n#4 C:\\xampp\\htdocs\\portfolio\\wp-settings.php(771): do_action('init')\n#5 C:\\xampp\\htdocs\\portfolio\\wp-config.php(102): require_once('C:\\\\xampp\\\\htdocs...')\n#6 C:\\xampp\\htdocs\\portfolio\\wp-load.php(50): require_once('C:\\\\xampp\\\\htdocs...')\n#7 C:\\xampp\\htdocs\\portfolio\\wp-admin\\admin-ajax.php(22): require_once('C:\\\\xampp\\\\htdocs...')\n#8 {main}"}
[12:27:21 UTC] [INFO] Image subsizes deferral enabled for import
[12:27:21 UTC] [INFO] Image subsizes deferral enabled for import
[12:27:22 UTC] [SUCCESS] Plugin Activated | Context: {"success":true,"status":"activated","message":"Plugin Activated"}
[12:27:22 UTC] [INFO] Checking if plugin directory clearing is needed
[12:27:22 UTC] [INFO] Plugin install clear directory enabled - Will clear destination directory
[12:27:22 UTC] [INFO] Plugin install clear directory options returned
[12:27:50 UTC] [INFO] Image subsizes deferral enabled for import
[12:27:51 UTC] [INFO] Image subsizes deferral enabled for import
[12:27:52 UTC] [INFO] Image subsizes deferral enabled for import
[12:27:52 UTC] [INFO] Image subsizes deferral enabled for import
[12:27:52 UTC] [SUCCESS] Plugin Activated | Context: {"success":true,"status":"activated","message":"Plugin Activated"}
[12:27:53 UTC] [INFO] Checking if plugin directory clearing is needed
[12:27:53 UTC] [INFO] Plugin install clear directory enabled - Will clear destination directory
[12:27:53 UTC] [INFO] Plugin install clear directory options returned
[12:28:00 UTC] [INFO] Image subsizes deferral enabled for import
[12:28:02 UTC] [INFO] Image subsizes deferral enabled for import
[12:28:02 UTC] [INFO] Image subsizes deferral enabled for import
[12:28:02 UTC] [SUCCESS] Plugin Activated | Context: {"success":true,"status":"activated","message":"Plugin Activated"}
[12:28:03 UTC] [INFO] Image subsizes deferral enabled for import
[12:28:03 UTC] [INFO] Checking if plugin directory clearing is needed
[12:28:03 UTC] [INFO] Plugin install clear directory enabled - Will clear destination directory
[12:28:03 UTC] [INFO] Plugin install clear directory options returned
[12:28:03 UTC] [INFO] Image subsizes deferral enabled for import
[12:28:10 UTC] [INFO] Image subsizes deferral enabled for import
[12:28:11 UTC] [INFO] Image subsizes deferral enabled for import
[12:28:11 UTC] [SUCCESS] Plugin Activated | Context: {"success":true,"status":"activated","message":"Plugin Activated"}
[12:29:00 UTC] [INFO] Image subsizes deferral enabled for import
[12:29:02 UTC] [INFO] Image subsizes deferral enabled for import
[12:30:00 UTC] [INFO] Image subsizes deferral enabled for import
[12:30:02 UTC] [INFO] Image subsizes deferral enabled for import
[12:31:00 UTC] [INFO] Image subsizes deferral enabled for import
[12:31:02 UTC] [INFO] Image subsizes deferral enabled for import
[12:32:00 UTC] [INFO] Image subsizes deferral enabled for import
[12:32:02 UTC] [INFO] Image subsizes deferral enabled for import
[12:33:00 UTC] [INFO] Image subsizes deferral enabled for import
[12:33:02 UTC] [INFO] Image subsizes deferral enabled for import
[12:34:00 UTC] [INFO] Image subsizes deferral enabled for import
[12:34:02 UTC] [INFO] Image subsizes deferral enabled for import
[12:35:00 UTC] [INFO] Image subsizes deferral enabled for import
[12:35:02 UTC] [INFO] Image subsizes deferral enabled for import
[12:36:00 UTC] [INFO] Image subsizes deferral enabled for import
[12:36:02 UTC] [INFO] Image subsizes deferral enabled for import
[12:37:00 UTC] [INFO] Image subsizes deferral enabled for import
[12:37:02 UTC] [INFO] Image subsizes deferral enabled for import
[12:38:00 UTC] [INFO] Image subsizes deferral enabled for import
[12:38:02 UTC] [INFO] Image subsizes deferral enabled for import
[12:38:41 UTC] [INFO] Image subsizes deferral enabled for import
[12:38:43 UTC] [INFO] Image subsizes deferral enabled for import
[12:38:53 UTC] [INFO] Image subsizes deferral enabled for import
[12:39:01 UTC] [INFO] Image subsizes deferral enabled for import
[12:40:01 UTC] [INFO] Image subsizes deferral enabled for import
[12:40:04 UTC] [INFO] Image subsizes deferral enabled for import
[12:41:01 UTC] [INFO] Image subsizes deferral enabled for import
[12:41:05 UTC] [INFO] Image subsizes deferral enabled for import
[12:42:01 UTC] [INFO] Image subsizes deferral enabled for import
[12:42:04 UTC] [INFO] Image subsizes deferral enabled for import
[12:43:01 UTC] [INFO] Image subsizes deferral enabled for import
[12:43:04 UTC] [INFO] Image subsizes deferral enabled for import
[12:44:01 UTC] [INFO] Image subsizes deferral enabled for import
[12:44:04 UTC] [INFO] Image subsizes deferral enabled for import
[12:45:01 UTC] [INFO] Image subsizes deferral enabled for import
[12:45:04 UTC] [INFO] Image subsizes deferral enabled for import
[12:46:01 UTC] [INFO] Image subsizes deferral enabled for import
[12:46:04 UTC] [INFO] Image subsizes deferral enabled for import
[12:47:01 UTC] [INFO] Image subsizes deferral enabled for import
[12:47:04 UTC] [INFO] Image subsizes deferral enabled for import
[12:47:46 UTC] [INFO] Image subsizes deferral enabled for import
[12:47:47 UTC] [INFO] Image subsizes deferral enabled for import
[12:47:48 UTC] [INFO] Image subsizes deferral enabled for import
[12:47:50 UTC] [INFO] Image subsizes deferral enabled for import
[12:47:51 UTC] [INFO] Image subsizes deferral enabled for import
[12:47:56 UTC] [INFO] Image subsizes deferral enabled for import
[12:47:58 UTC] [INFO] Image subsizes deferral enabled for import
[12:47:58 UTC] [INFO] Image subsizes deferral enabled for import
[12:48:00 UTC] [INFO] Image subsizes deferral enabled for import
[12:48:01 UTC] [INFO] Image subsizes deferral enabled for import
[12:48:02 UTC] [INFO] Image subsizes deferral enabled for import
[12:48:04 UTC] [INFO] Image subsizes deferral enabled for import
[12:48:05 UTC] [INFO] Image subsizes deferral enabled for import
[12:48:13 UTC] [INFO] Image subsizes deferral enabled for import
[12:48:14 UTC] [INFO] Image subsizes deferral enabled for import
[12:48:14 UTC] [INFO] Image subsizes deferral enabled for import
[12:48:16 UTC] [INFO] Image subsizes deferral enabled for import
[12:48:16 UTC] [INFO] Image subsizes deferral enabled for import
[12:48:17 UTC] [INFO] Image subsizes deferral enabled for import
[12:48:19 UTC] [INFO] Image subsizes deferral enabled for import
[12:48:21 UTC] [INFO] Image subsizes deferral enabled for import
[12:48:23 UTC] [INFO] Image subsizes deferral enabled for import
[12:48:24 UTC] [INFO] Image subsizes deferral enabled for import
[12:48:24 UTC] [INFO] Image subsizes deferral enabled for import
[12:48:44 UTC] [INFO] Image subsizes deferral enabled for import
[12:48:45 UTC] [INFO] Image subsizes deferral enabled for import
[12:48:47 UTC] [INFO] Image subsizes deferral enabled for import
[12:48:48 UTC] [INFO] Image subsizes deferral enabled for import
[12:48:54 UTC] [INFO] Image subsizes deferral enabled for import
[12:48:57 UTC] [INFO] Image subsizes deferral enabled for import
[12:49:02 UTC] [INFO] Image subsizes deferral enabled for import
[12:49:09 UTC] [INFO] Image subsizes deferral enabled for import
[12:49:10 UTC] [INFO] Checking if plugin directory clearing is needed
[12:49:10 UTC] [INFO] Plugin install clear directory - Not an Astra Sites request, skipping
[12:49:17 UTC] [INFO] Image subsizes deferral enabled for import
[12:49:57 UTC] [INFO] Image subsizes deferral enabled for import
[12:49:58 UTC] [INFO] Image subsizes deferral enabled for import
[12:50:28 UTC] [INFO] Image subsizes deferral enabled for import
[12:50:30 UTC] [INFO] Image subsizes deferral enabled for import
[12:50:44 UTC] [INFO] Image subsizes deferral enabled for import
[12:50:45 UTC] [INFO] Image subsizes deferral enabled for import
[12:50:46 UTC] [INFO] Image subsizes deferral enabled for import
[12:50:47 UTC] [INFO] Image subsizes deferral enabled for import
[12:51:11 UTC] [INFO] Image subsizes deferral enabled for import
[12:51:11 UTC] [INFO] Image subsizes deferral enabled for import
[12:51:13 UTC] [INFO] Image subsizes deferral enabled for import
[12:51:13 UTC] [INFO] Image subsizes deferral enabled for import
[12:51:13 UTC] [INFO] Image subsizes deferral enabled for import
[12:51:18 UTC] [INFO] Image subsizes deferral enabled for import
[12:51:20 UTC] [INFO] Image subsizes deferral enabled for import
[12:51:22 UTC] [INFO] Image subsizes deferral enabled for import
[12:51:23 UTC] [INFO] Image subsizes deferral enabled for import
[12:51:23 UTC] [INFO] Image subsizes deferral enabled for import
[12:51:23 UTC] [INFO] Image subsizes deferral enabled for import
[12:51:26 UTC] [INFO] Image subsizes deferral enabled for import
[12:51:28 UTC] [INFO] Image subsizes deferral enabled for import
[12:51:29 UTC] [INFO] Image subsizes deferral enabled for import
[12:51:30 UTC] [INFO] Image subsizes deferral enabled for import
[12:51:30 UTC] [INFO] Image subsizes deferral enabled for import
[12:51:30 UTC] [INFO] Image subsizes deferral enabled for import
[12:51:30 UTC] [INFO] Image subsizes deferral enabled for import
[12:51:30 UTC] [INFO] Image subsizes deferral enabled for import
[12:51:30 UTC] [INFO] Image subsizes deferral enabled for import
[12:51:31 UTC] [INFO] Image subsizes deferral enabled for import
[12:51:31 UTC] [INFO] Image subsizes deferral enabled for import
[12:51:31 UTC] [INFO] Image subsizes deferral enabled for import
[12:51:31 UTC] [INFO] Image subsizes deferral enabled for import
[12:51:31 UTC] [INFO] Image subsizes deferral enabled for import
[12:51:31 UTC] [INFO] Image subsizes deferral enabled for import
[12:51:32 UTC] [INFO] Image subsizes deferral enabled for import
[12:51:32 UTC] [INFO] Image subsizes deferral enabled for import
[12:51:32 UTC] [INFO] Image subsizes deferral enabled for import
[12:51:33 UTC] [INFO] Image subsizes deferral enabled for import
[12:51:34 UTC] [INFO] Image subsizes deferral enabled for import
[12:51:35 UTC] [INFO] Image subsizes deferral enabled for import
[12:51:38 UTC] [INFO] Image subsizes deferral enabled for import
[12:51:40 UTC] [INFO] Image subsizes deferral enabled for import
[12:51:45 UTC] [INFO] Image subsizes deferral enabled for import
[12:51:50 UTC] [INFO] Image subsizes deferral enabled for import
[12:51:50 UTC] [INFO] Image subsizes deferral enabled for import
[12:51:55 UTC] [INFO] Image subsizes deferral enabled for import
[12:52:00 UTC] [INFO] Image subsizes deferral enabled for import
[12:52:03 UTC] [INFO] Image subsizes deferral enabled for import
[12:52:05 UTC] [INFO] Image subsizes deferral enabled for import
[12:52:05 UTC] [INFO] Image subsizes deferral enabled for import
[12:52:09 UTC] [INFO] Image subsizes deferral enabled for import
[12:52:10 UTC] [INFO] Image subsizes deferral enabled for import
[12:52:12 UTC] [INFO] Image subsizes deferral enabled for import
[12:52:15 UTC] [INFO] Image subsizes deferral enabled for import
[12:52:16 UTC] [INFO] Image subsizes deferral enabled for import
[12:52:20 UTC] [INFO] Image subsizes deferral enabled for import
[12:52:25 UTC] [INFO] Image subsizes deferral enabled for import
[12:52:30 UTC] [INFO] Image subsizes deferral enabled for import
[12:52:30 UTC] [INFO] Image subsizes deferral enabled for import
[12:52:34 UTC] [INFO] Image subsizes deferral enabled for import
[12:52:35 UTC] [INFO] Image subsizes deferral enabled for import
[12:52:40 UTC] [INFO] Image subsizes deferral enabled for import
[12:52:45 UTC] [INFO] Image subsizes deferral enabled for import
[12:52:50 UTC] [INFO] Image subsizes deferral enabled for import
[12:52:55 UTC] [INFO] Image subsizes deferral enabled for import
[12:53:00 UTC] [INFO] Image subsizes deferral enabled for import
[12:53:05 UTC] [INFO] Image subsizes deferral enabled for import
[12:53:10 UTC] [INFO] Image subsizes deferral enabled for import
[12:53:15 UTC] [INFO] Image subsizes deferral enabled for import
[12:53:20 UTC] [INFO] Image subsizes deferral enabled for import
[12:53:25 UTC] [INFO] Image subsizes deferral enabled for import
[12:53:30 UTC] [INFO] Image subsizes deferral enabled for import
[12:53:31 UTC] [INFO] Image subsizes deferral enabled for import
[12:54:11 UTC] [INFO] Image subsizes deferral enabled for import
[12:54:41 UTC] [INFO] Image subsizes deferral enabled for import
[12:54:41 UTC] [INFO] Image subsizes deferral enabled for import
[12:54:41 UTC] [INFO] Image subsizes deferral enabled for import
[12:54:45 UTC] [INFO] Image subsizes deferral enabled for import
[12:54:50 UTC] [INFO] Image subsizes deferral enabled for import
[12:54:55 UTC] [INFO] Image subsizes deferral enabled for import
[12:55:00 UTC] [INFO] Image subsizes deferral enabled for import
[12:55:05 UTC] [INFO] Image subsizes deferral enabled for import
[12:55:10 UTC] [INFO] Image subsizes deferral enabled for import
[12:55:15 UTC] [INFO] Image subsizes deferral enabled for import
[12:55:20 UTC] [INFO] Image subsizes deferral enabled for import
[12:55:25 UTC] [INFO] Image subsizes deferral enabled for import
[12:55:30 UTC] [INFO] Image subsizes deferral enabled for import
[12:55:35 UTC] [INFO] Image subsizes deferral enabled for import
[12:55:40 UTC] [INFO] Image subsizes deferral enabled for import
[12:56:00 UTC] [INFO] Image subsizes deferral enabled for import
[12:56:00 UTC] [INFO] Image subsizes deferral enabled for import
[12:56:00 UTC] [INFO] Image subsizes deferral enabled for import
[12:56:01 UTC] [INFO] Image subsizes deferral enabled for import
[12:56:05 UTC] [INFO] Image subsizes deferral enabled for import
[12:56:05 UTC] [INFO] Image subsizes deferral enabled for import
[12:56:07 UTC] [INFO] Image subsizes deferral enabled for import
[12:56:07 UTC] [INFO] Image subsizes deferral enabled for import
[12:56:09 UTC] [INFO] Image subsizes deferral enabled for import
[12:56:10 UTC] [INFO] Image subsizes deferral enabled for import
[12:56:12 UTC] [INFO] Image subsizes deferral enabled for import
[12:56:15 UTC] [INFO] Image subsizes deferral enabled for import
[12:56:18 UTC] [INFO] Image subsizes deferral enabled for import
[12:56:20 UTC] [INFO] Image subsizes deferral enabled for import
[12:56:25 UTC] [INFO] Image subsizes deferral enabled for import
[12:56:30 UTC] [INFO] Image subsizes deferral enabled for import
[12:56:35 UTC] [INFO] Image subsizes deferral enabled for import
[12:56:40 UTC] [INFO] Image subsizes deferral enabled for import
[12:56:41 UTC] [INFO] Image subsizes deferral enabled for import
[12:56:45 UTC] [INFO] Image subsizes deferral enabled for import
[12:56:45 UTC] [INFO] Image subsizes deferral enabled for import
[12:56:50 UTC] [INFO] Image subsizes deferral enabled for import
[12:56:55 UTC] [INFO] Image subsizes deferral enabled for import
[12:56:57 UTC] [INFO] Image subsizes deferral enabled for import
[12:57:00 UTC] [INFO] Image subsizes deferral enabled for import
[12:57:00 UTC] [INFO] Image subsizes deferral enabled for import
[12:57:00 UTC] [INFO] Image subsizes deferral enabled for import
[12:57:05 UTC] [INFO] Image subsizes deferral enabled for import
[12:57:05 UTC] [INFO] Image subsizes deferral enabled for import
[12:57:05 UTC] [INFO] Image subsizes deferral enabled for import
[12:57:07 UTC] [INFO] Image subsizes deferral enabled for import
[12:57:07 UTC] [INFO] Image subsizes deferral enabled for import
[12:57:07 UTC] [INFO] Image subsizes deferral enabled for import
[12:57:10 UTC] [INFO] Image subsizes deferral enabled for import
[12:57:10 UTC] [INFO] Image subsizes deferral enabled for import
[12:57:15 UTC] [INFO] Image subsizes deferral enabled for import
[12:57:20 UTC] [INFO] Image subsizes deferral enabled for import
[12:57:25 UTC] [INFO] Image subsizes deferral enabled for import
[12:57:30 UTC] [INFO] Image subsizes deferral enabled for import
[12:57:35 UTC] [INFO] Image subsizes deferral enabled for import
[12:57:37 UTC] [INFO] Image subsizes deferral enabled for import
[12:57:40 UTC] [INFO] Image subsizes deferral enabled for import
[12:57:40 UTC] [INFO] Image subsizes deferral enabled for import
[12:57:41 UTC] [INFO] Image subsizes deferral enabled for import
[12:57:41 UTC] [INFO] Image subsizes deferral enabled for import
[12:57:42 UTC] [INFO] Image subsizes deferral enabled for import
[12:57:44 UTC] [INFO] Image subsizes deferral enabled for import
[12:57:45 UTC] [INFO] Image subsizes deferral enabled for import
[12:57:48 UTC] [INFO] Image subsizes deferral enabled for import
[12:57:50 UTC] [INFO] Image subsizes deferral enabled for import
[12:57:50 UTC] [INFO] Image subsizes deferral enabled for import
[12:57:50 UTC] [INFO] Image subsizes deferral enabled for import
[12:57:52 UTC] [INFO] Image subsizes deferral enabled for import
[12:57:52 UTC] [INFO] Image subsizes deferral enabled for import
[12:57:52 UTC] [INFO] Image subsizes deferral enabled for import
[12:57:52 UTC] [INFO] Image subsizes deferral enabled for import
[12:57:52 UTC] [INFO] Image subsizes deferral enabled for import
[12:57:53 UTC] [INFO] Image subsizes deferral enabled for import
[12:57:54 UTC] [INFO] Image subsizes deferral enabled for import
[12:57:55 UTC] [INFO] Image subsizes deferral enabled for import
[12:57:58 UTC] [INFO] Image subsizes deferral enabled for import
[12:58:00 UTC] [INFO] Image subsizes deferral enabled for import
[12:58:00 UTC] [INFO] Image subsizes deferral enabled for import
[12:58:05 UTC] [INFO] Image subsizes deferral enabled for import
[12:58:10 UTC] [INFO] Image subsizes deferral enabled for import
[12:58:15 UTC] [INFO] Image subsizes deferral enabled for import
[12:58:20 UTC] [INFO] Image subsizes deferral enabled for import
[12:58:25 UTC] [INFO] Image subsizes deferral enabled for import
[12:58:30 UTC] [INFO] Image subsizes deferral enabled for import
[12:58:35 UTC] [INFO] Image subsizes deferral enabled for import
[12:58:40 UTC] [INFO] Image subsizes deferral enabled for import
[12:58:45 UTC] [INFO] Image subsizes deferral enabled for import
[12:58:49 UTC] [INFO] Image subsizes deferral enabled for import
[12:58:50 UTC] [INFO] Image subsizes deferral enabled for import
[12:58:51 UTC] [INFO] Image subsizes deferral enabled for import
[12:58:53 UTC] [INFO] Image subsizes deferral enabled for import
[12:58:55 UTC] [INFO] Image subsizes deferral enabled for import
[12:59:00 UTC] [INFO] Image subsizes deferral enabled for import
[12:59:00 UTC] [INFO] Image subsizes deferral enabled for import
[12:59:05 UTC] [INFO] Image subsizes deferral enabled for import
[12:59:09 UTC] [INFO] Image subsizes deferral enabled for import
[12:59:10 UTC] [INFO] Image subsizes deferral enabled for import
[12:59:10 UTC] [INFO] Image subsizes deferral enabled for import
[12:59:11 UTC] [INFO] Image subsizes deferral enabled for import
[12:59:14 UTC] [INFO] Image subsizes deferral enabled for import
[12:59:15 UTC] [INFO] Image subsizes deferral enabled for import
[12:59:20 UTC] [INFO] Image subsizes deferral enabled for import
[12:59:22 UTC] [INFO] Image subsizes deferral enabled for import
[12:59:23 UTC] [INFO] Image subsizes deferral enabled for import
[12:59:24 UTC] [INFO] Image subsizes deferral enabled for import
[12:59:25 UTC] [INFO] Image subsizes deferral enabled for import
[12:59:30 UTC] [INFO] Image subsizes deferral enabled for import
[12:59:35 UTC] [INFO] Image subsizes deferral enabled for import
[12:59:35 UTC] [INFO] Image subsizes deferral enabled for import
[12:59:37 UTC] [INFO] Image subsizes deferral enabled for import
[12:59:40 UTC] [INFO] Image subsizes deferral enabled for import
[12:59:44 UTC] [INFO] Image subsizes deferral enabled for import
[12:59:45 UTC] [INFO] Image subsizes deferral enabled for import
[12:59:46 UTC] [INFO] Image subsizes deferral enabled for import
[12:59:50 UTC] [INFO] Image subsizes deferral enabled for import
[12:59:51 UTC] [INFO] Image subsizes deferral enabled for import
[12:59:55 UTC] [INFO] Image subsizes deferral enabled for import
[13:00:00 UTC] [INFO] Image subsizes deferral enabled for import
[13:00:01 UTC] [INFO] Image subsizes deferral enabled for import
[13:00:01 UTC] [INFO] Image subsizes deferral enabled for import
[13:00:05 UTC] [INFO] Image subsizes deferral enabled for import
[13:00:10 UTC] [INFO] Image subsizes deferral enabled for import
[13:00:15 UTC] [INFO] Image subsizes deferral enabled for import
[13:00:20 UTC] [INFO] Image subsizes deferral enabled for import
[13:00:25 UTC] [INFO] Image subsizes deferral enabled for import
[13:00:29 UTC] [INFO] Image subsizes deferral enabled for import
[13:00:30 UTC] [INFO] Image subsizes deferral enabled for import
[13:00:35 UTC] [INFO] Image subsizes deferral enabled for import
[13:00:40 UTC] [INFO] Image subsizes deferral enabled for import
[13:00:45 UTC] [INFO] Image subsizes deferral enabled for import
[13:00:48 UTC] [INFO] Image subsizes deferral enabled for import
[13:00:50 UTC] [INFO] Image subsizes deferral enabled for import
[13:00:50 UTC] [INFO] Image subsizes deferral enabled for import
[13:00:51 UTC] [INFO] Image subsizes deferral enabled for import
[13:00:51 UTC] [INFO] Image subsizes deferral enabled for import
[13:00:51 UTC] [INFO] Image subsizes deferral enabled for import
[13:00:52 UTC] [INFO] Image subsizes deferral enabled for import
[13:00:52 UTC] [INFO] Image subsizes deferral enabled for import
[13:00:52 UTC] [INFO] Image subsizes deferral enabled for import
[13:00:52 UTC] [INFO] Image subsizes deferral enabled for import
[13:00:52 UTC] [INFO] Image subsizes deferral enabled for import
[13:00:52 UTC] [INFO] Image subsizes deferral enabled for import
[13:00:52 UTC] [INFO] Image subsizes deferral enabled for import
[13:00:52 UTC] [INFO] Image subsizes deferral enabled for import
[13:00:56 UTC] [INFO] Image subsizes deferral enabled for import
[13:00:59 UTC] [INFO] Image subsizes deferral enabled for import
[13:01:01 UTC] [INFO] Image subsizes deferral enabled for import
[13:01:01 UTC] [INFO] Image subsizes deferral enabled for import
[13:01:05 UTC] [INFO] Image subsizes deferral enabled for import
[13:01:06 UTC] [INFO] Image subsizes deferral enabled for import
[13:01:08 UTC] [INFO] Image subsizes deferral enabled for import
[13:01:11 UTC] [INFO] Image subsizes deferral enabled for import
[13:01:15 UTC] [INFO] Image subsizes deferral enabled for import
[13:01:16 UTC] [INFO] Image subsizes deferral enabled for import
[13:01:16 UTC] [INFO] Image subsizes deferral enabled for import
[13:01:16 UTC] [INFO] Image subsizes deferral enabled for import
[13:01:16 UTC] [INFO] Image subsizes deferral enabled for import
[13:01:16 UTC] [INFO] Image subsizes deferral enabled for import
[13:01:16 UTC] [INFO] Image subsizes deferral enabled for import
[13:01:17 UTC] [INFO] Image subsizes deferral enabled for import
[13:01:17 UTC] [INFO] Image subsizes deferral enabled for import
[13:01:17 UTC] [INFO] Image subsizes deferral enabled for import
[13:01:17 UTC] [INFO] Image subsizes deferral enabled for import
[13:01:17 UTC] [INFO] Image subsizes deferral enabled for import
[13:01:20 UTC] [INFO] Image subsizes deferral enabled for import
[13:01:21 UTC] [INFO] Image subsizes deferral enabled for import
[13:01:23 UTC] [INFO] Image subsizes deferral enabled for import
[13:01:25 UTC] [INFO] Image subsizes deferral enabled for import
[13:01:26 UTC] [INFO] Image subsizes deferral enabled for import
[13:01:26 UTC] [INFO] Image subsizes deferral enabled for import
[13:01:26 UTC] [INFO] Image subsizes deferral enabled for import
[13:01:26 UTC] [INFO] Image subsizes deferral enabled for import
[13:01:26 UTC] [INFO] Image subsizes deferral enabled for import
[13:01:26 UTC] [INFO] Image subsizes deferral enabled for import
[13:01:26 UTC] [INFO] Image subsizes deferral enabled for import
[13:01:27 UTC] [INFO] Image subsizes deferral enabled for import
[13:01:27 UTC] [INFO] Image subsizes deferral enabled for import
[13:01:31 UTC] [INFO] Image subsizes deferral enabled for import
[13:01:36 UTC] [INFO] Image subsizes deferral enabled for import
[13:01:41 UTC] [INFO] Image subsizes deferral enabled for import
[13:01:46 UTC] [INFO] Image subsizes deferral enabled for import
[13:01:51 UTC] [INFO] Image subsizes deferral enabled for import
[13:01:56 UTC] [INFO] Image subsizes deferral enabled for import
[13:01:56 UTC] [INFO] Image subsizes deferral enabled for import
[13:01:58 UTC] [INFO] Image subsizes deferral enabled for import
[13:01:59 UTC] [INFO] Image subsizes deferral enabled for import
[13:01:59 UTC] [INFO] Image subsizes deferral enabled for import
[13:01:59 UTC] [INFO] Image subsizes deferral enabled for import
[13:01:59 UTC] [INFO] Image subsizes deferral enabled for import
[13:01:59 UTC] [INFO] Image subsizes deferral enabled for import
[13:01:59 UTC] [INFO] Image subsizes deferral enabled for import
[13:02:00 UTC] [INFO] Image subsizes deferral enabled for import
[13:02:00 UTC] [INFO] Image subsizes deferral enabled for import
[13:02:00 UTC] [INFO] Image subsizes deferral enabled for import
[13:02:00 UTC] [INFO] Image subsizes deferral enabled for import
[13:02:00 UTC] [INFO] Image subsizes deferral enabled for import
[13:02:01 UTC] [INFO] Image subsizes deferral enabled for import
[13:02:01 UTC] [INFO] Image subsizes deferral enabled for import
[13:02:02 UTC] [INFO] Image subsizes deferral enabled for import
[13:02:03 UTC] [INFO] Image subsizes deferral enabled for import
[13:02:04 UTC] [INFO] Image subsizes deferral enabled for import
[13:02:09 UTC] [INFO] Image subsizes deferral enabled for import
[13:02:10 UTC] [INFO] Image subsizes deferral enabled for import
[13:02:14 UTC] [INFO] Image subsizes deferral enabled for import
[13:02:16 UTC] [INFO] Image subsizes deferral enabled for import
[13:02:16 UTC] [INFO] Image subsizes deferral enabled for import
[13:02:17 UTC] [INFO] Image subsizes deferral enabled for import
[13:02:18 UTC] [INFO] Image subsizes deferral enabled for import
[13:02:19 UTC] [INFO] Image subsizes deferral enabled for import
[13:02:19 UTC] [INFO] Image subsizes deferral enabled for import
[13:02:21 UTC] [INFO] Image subsizes deferral enabled for import
[13:02:22 UTC] [INFO] Image subsizes deferral enabled for import
[13:02:23 UTC] [INFO] Image subsizes deferral enabled for import
[13:02:24 UTC] [INFO] Image subsizes deferral enabled for import
[13:02:29 UTC] [INFO] Image subsizes deferral enabled for import
[13:02:30 UTC] [INFO] Image subsizes deferral enabled for import
[13:02:34 UTC] [INFO] Image subsizes deferral enabled for import
[13:02:39 UTC] [INFO] Image subsizes deferral enabled for import
[13:02:44 UTC] [INFO] Image subsizes deferral enabled for import
[13:02:48 UTC] [INFO] Image subsizes deferral enabled for import
[13:02:49 UTC] [INFO] Image subsizes deferral enabled for import
[13:02:50 UTC] [INFO] Image subsizes deferral enabled for import
[13:02:54 UTC] [INFO] Image subsizes deferral enabled for import
[13:02:54 UTC] [INFO] Image subsizes deferral enabled for import
[13:02:59 UTC] [INFO] Image subsizes deferral enabled for import
[13:02:59 UTC] [INFO] Image subsizes deferral enabled for import
[13:03:04 UTC] [INFO] Image subsizes deferral enabled for import
[13:03:09 UTC] [INFO] Image subsizes deferral enabled for import
[13:03:13 UTC] [INFO] Image subsizes deferral enabled for import
[13:03:14 UTC] [INFO] Image subsizes deferral enabled for import
[13:03:16 UTC] [INFO] Image subsizes deferral enabled for import
[13:03:17 UTC] [INFO] Image subsizes deferral enabled for import
[13:03:18 UTC] [INFO] Image subsizes deferral enabled for import
[13:03:19 UTC] [INFO] Image subsizes deferral enabled for import
[13:03:19 UTC] [INFO] Image subsizes deferral enabled for import
[13:03:19 UTC] [INFO] Image subsizes deferral enabled for import
[13:03:22 UTC] [INFO] Image subsizes deferral enabled for import
[13:03:23 UTC] [INFO] Image subsizes deferral enabled for import
[13:03:24 UTC] [INFO] Image subsizes deferral enabled for import
[13:03:25 UTC] [INFO] Image subsizes deferral enabled for import
[13:03:25 UTC] [INFO] Image subsizes deferral enabled for import
[13:03:26 UTC] [INFO] Image subsizes deferral enabled for import
[13:03:27 UTC] [INFO] Image subsizes deferral enabled for import
[13:03:28 UTC] [INFO] Image subsizes deferral enabled for import
[13:03:29 UTC] [INFO] Image subsizes deferral enabled for import
[13:03:29 UTC] [INFO] Image subsizes deferral enabled for import
[13:03:30 UTC] [INFO] Image subsizes deferral enabled for import
[13:03:31 UTC] [INFO] Image subsizes deferral enabled for import
[13:03:31 UTC] [INFO] Image subsizes deferral enabled for import
[13:03:32 UTC] [INFO] Image subsizes deferral enabled for import
[13:03:33 UTC] [INFO] Image subsizes deferral enabled for import
[13:03:33 UTC] [INFO] Image subsizes deferral enabled for import
[13:03:34 UTC] [INFO] Image subsizes deferral enabled for import
[13:03:35 UTC] [INFO] Image subsizes deferral enabled for import
[13:03:35 UTC] [INFO] Image subsizes deferral enabled for import
[13:03:39 UTC] [INFO] Image subsizes deferral enabled for import
[13:03:42 UTC] [INFO] Image subsizes deferral enabled for import
[13:03:44 UTC] [INFO] Image subsizes deferral enabled for import
[13:03:44 UTC] [INFO] Image subsizes deferral enabled for import
[13:03:45 UTC] [INFO] Image subsizes deferral enabled for import
[13:03:45 UTC] [INFO] Image subsizes deferral enabled for import
[13:03:45 UTC] [INFO] Image subsizes deferral enabled for import
[13:03:46 UTC] [INFO] Image subsizes deferral enabled for import
[13:03:46 UTC] [INFO] Image subsizes deferral enabled for import
[13:03:46 UTC] [INFO] Image subsizes deferral enabled for import
[13:03:46 UTC] [INFO] Image subsizes deferral enabled for import
[13:03:46 UTC] [INFO] Image subsizes deferral enabled for import
[13:03:50 UTC] [INFO] Image subsizes deferral enabled for import
[13:03:53 UTC] [INFO] Image subsizes deferral enabled for import
[13:03:55 UTC] [INFO] Image subsizes deferral enabled for import
[13:03:55 UTC] [INFO] Image subsizes deferral enabled for import
[13:03:56 UTC] [INFO] Image subsizes deferral enabled for import
[13:03:56 UTC] [INFO] Image subsizes deferral enabled for import
[13:03:56 UTC] [INFO] Image subsizes deferral enabled for import
[13:03:56 UTC] [INFO] Image subsizes deferral enabled for import
[13:03:56 UTC] [INFO] Image subsizes deferral enabled for import
[13:03:56 UTC] [INFO] Image subsizes deferral enabled for import
[13:03:56 UTC] [INFO] Image subsizes deferral enabled for import
[13:03:57 UTC] [INFO] Image subsizes deferral enabled for import
[13:03:57 UTC] [INFO] Image subsizes deferral enabled for import
[13:04:01 UTC] [INFO] Image subsizes deferral enabled for import
[13:04:01 UTC] [INFO] Image subsizes deferral enabled for import
[13:04:02 UTC] [INFO] Image subsizes deferral enabled for import
[13:04:02 UTC] [INFO] Image subsizes deferral enabled for import
[13:04:02 UTC] [INFO] Image subsizes deferral enabled for import
[13:04:02 UTC] [INFO] Image subsizes deferral enabled for import
[13:04:02 UTC] [INFO] Image subsizes deferral enabled for import
[13:04:02 UTC] [INFO] Image subsizes deferral enabled for import
[13:04:03 UTC] [INFO] Image subsizes deferral enabled for import
[13:04:03 UTC] [INFO] Image subsizes deferral enabled for import
[13:04:03 UTC] [INFO] Image subsizes deferral enabled for import
[13:04:03 UTC] [INFO] Image subsizes deferral enabled for import
[13:04:03 UTC] [INFO] Image subsizes deferral enabled for import
[13:04:06 UTC] [INFO] Image subsizes deferral enabled for import
[13:04:06 UTC] [INFO] Image subsizes deferral enabled for import
[13:04:07 UTC] [INFO] Image subsizes deferral enabled for import
[13:04:08 UTC] [INFO] Image subsizes deferral enabled for import
[13:04:11 UTC] [INFO] Image subsizes deferral enabled for import
[13:04:13 UTC] [INFO] Image subsizes deferral enabled for import
[13:04:13 UTC] [INFO] Image subsizes deferral enabled for import
[13:04:13 UTC] [INFO] Image subsizes deferral enabled for import
[13:04:15 UTC] [INFO] Image subsizes deferral enabled for import
[13:04:17 UTC] [INFO] Image subsizes deferral enabled for import
[13:04:18 UTC] [INFO] Image subsizes deferral enabled for import
[13:04:18 UTC] [INFO] Image subsizes deferral enabled for import
[13:04:18 UTC] [INFO] Image subsizes deferral enabled for import
[13:04:20 UTC] [INFO] Image subsizes deferral enabled for import
[13:04:22 UTC] [INFO] Image subsizes deferral enabled for import
[13:04:23 UTC] [INFO] Image subsizes deferral enabled for import
[13:04:23 UTC] [INFO] Image subsizes deferral enabled for import
[13:04:23 UTC] [INFO] Image subsizes deferral enabled for import
[13:04:25 UTC] [INFO] Image subsizes deferral enabled for import
[13:04:28 UTC] [INFO] Image subsizes deferral enabled for import
[13:04:28 UTC] [INFO] Image subsizes deferral enabled for import
[13:04:28 UTC] [INFO] Image subsizes deferral enabled for import
[13:04:29 UTC] [INFO] Image subsizes deferral enabled for import
[13:04:30 UTC] [INFO] Image subsizes deferral enabled for import
[13:04:32 UTC] [INFO] Image subsizes deferral enabled for import
[13:04:33 UTC] [INFO] Image subsizes deferral enabled for import
[13:04:34 UTC] [INFO] Image subsizes deferral enabled for import
[13:04:34 UTC] [INFO] Image subsizes deferral enabled for import
[13:04:36 UTC] [INFO] Image subsizes deferral enabled for import
[13:04:37 UTC] [INFO] Image subsizes deferral enabled for import
[13:04:38 UTC] [INFO] Image subsizes deferral enabled for import
[13:04:38 UTC] [INFO] Image subsizes deferral enabled for import
[13:04:38 UTC] [INFO] Image subsizes deferral enabled for import
[13:04:40 UTC] [INFO] Image subsizes deferral enabled for import
[13:04:40 UTC] [INFO] Image subsizes deferral enabled for import
[13:04:41 UTC] [INFO] Image subsizes deferral enabled for import
[13:04:41 UTC] [INFO] Image subsizes deferral enabled for import
[13:04:43 UTC] [INFO] Image subsizes deferral enabled for import
[13:04:43 UTC] [INFO] Image subsizes deferral enabled for import
[13:04:43 UTC] [INFO] Image subsizes deferral enabled for import
[13:04:45 UTC] [INFO] Image subsizes deferral enabled for import
[13:04:46 UTC] [INFO] Image subsizes deferral enabled for import
[13:04:47 UTC] [INFO] Image subsizes deferral enabled for import
[13:04:48 UTC] [INFO] Image subsizes deferral enabled for import
[13:04:48 UTC] [INFO] Image subsizes deferral enabled for import
[13:04:48 UTC] [INFO] Image subsizes deferral enabled for import
[13:04:48 UTC] [INFO] Image subsizes deferral enabled for import
[13:04:49 UTC] [INFO] Image subsizes deferral enabled for import
[13:04:49 UTC] [INFO] Image subsizes deferral enabled for import
[13:04:50 UTC] [INFO] Image subsizes deferral enabled for import
[13:04:51 UTC] [INFO] Image subsizes deferral enabled for import
[13:04:53 UTC] [INFO] Image subsizes deferral enabled for import
[13:04:53 UTC] [INFO] Image subsizes deferral enabled for import
[13:04:53 UTC] [INFO] Image subsizes deferral enabled for import
[13:04:54 UTC] [INFO] Image subsizes deferral enabled for import
[13:04:54 UTC] [INFO] Image subsizes deferral enabled for import
[13:04:55 UTC] [INFO] Image subsizes deferral enabled for import
[13:04:55 UTC] [INFO] Image subsizes deferral enabled for import
[13:04:55 UTC] [INFO] Image subsizes deferral enabled for import
[13:04:55 UTC] [INFO] Image subsizes deferral enabled for import
[13:04:55 UTC] [INFO] Image subsizes deferral enabled for import
[13:04:56 UTC] [INFO] Image subsizes deferral enabled for import
[13:04:56 UTC] [INFO] Image subsizes deferral enabled for import
[13:04:58 UTC] [INFO] Image subsizes deferral enabled for import
[13:04:58 UTC] [INFO] Image subsizes deferral enabled for import
[13:04:59 UTC] [INFO] Image subsizes deferral enabled for import
[13:05:00 UTC] [INFO] Image subsizes deferral enabled for import
[13:05:00 UTC] [INFO] Image subsizes deferral enabled for import
[13:05:01 UTC] [INFO] Image subsizes deferral enabled for import
[13:05:02 UTC] [INFO] Image subsizes deferral enabled for import
[13:05:03 UTC] [INFO] Image subsizes deferral enabled for import
[13:05:03 UTC] [INFO] Image subsizes deferral enabled for import
[13:05:03 UTC] [INFO] Image subsizes deferral enabled for import
[13:05:04 UTC] [INFO] Image subsizes deferral enabled for import
[13:05:05 UTC] [INFO] Image subsizes deferral enabled for import
[13:05:06 UTC] [INFO] Image subsizes deferral enabled for import
[13:05:08 UTC] [INFO] Image subsizes deferral enabled for import
[13:05:08 UTC] [INFO] Image subsizes deferral enabled for import
[13:05:08 UTC] [INFO] Image subsizes deferral enabled for import
[13:05:10 UTC] [INFO] Image subsizes deferral enabled for import
[13:05:10 UTC] [INFO] Image subsizes deferral enabled for import
[13:05:10 UTC] [INFO] Image subsizes deferral enabled for import
[13:05:10 UTC] [INFO] Image subsizes deferral enabled for import
[13:05:11 UTC] [INFO] Image subsizes deferral enabled for import
[13:05:11 UTC] [INFO] Image subsizes deferral enabled for import
[13:05:12 UTC] [INFO] Image subsizes deferral enabled for import
[13:05:13 UTC] [INFO] Image subsizes deferral enabled for import
[13:05:13 UTC] [INFO] Image subsizes deferral enabled for import
[13:05:13 UTC] [INFO] Image subsizes deferral enabled for import
[13:05:13 UTC] [INFO] Image subsizes deferral enabled for import
[13:05:13 UTC] [INFO] Image subsizes deferral enabled for import
[13:05:14 UTC] [INFO] Image subsizes deferral enabled for import
[13:05:15 UTC] [INFO] Image subsizes deferral enabled for import
[13:05:15 UTC] [INFO] Image subsizes deferral enabled for import
[13:05:15 UTC] [INFO] Image subsizes deferral enabled for import
[13:05:16 UTC] [INFO] Image subsizes deferral enabled for import
[13:05:16 UTC] [INFO] Image subsizes deferral enabled for import
[13:05:16 UTC] [INFO] Image subsizes deferral enabled for import
[13:05:17 UTC] [INFO] Image subsizes deferral enabled for import
[13:05:17 UTC] [INFO] Image subsizes deferral enabled for import
[13:05:18 UTC] [INFO] Image subsizes deferral enabled for import
[13:05:18 UTC] [INFO] Image subsizes deferral enabled for import
[13:05:18 UTC] [INFO] Image subsizes deferral enabled for import
[13:05:18 UTC] [INFO] Image subsizes deferral enabled for import
[13:05:18 UTC] [INFO] Image subsizes deferral enabled for import
[13:05:19 UTC] [INFO] Image subsizes deferral enabled for import
[13:05:20 UTC] [INFO] Image subsizes deferral enabled for import
[13:05:20 UTC] [INFO] Image subsizes deferral enabled for import
[13:05:21 UTC] [INFO] Image subsizes deferral enabled for import
[13:05:22 UTC] [INFO] Image subsizes deferral enabled for import
[13:05:23 UTC] [INFO] Image subsizes deferral enabled for import
[13:05:23 UTC] [INFO] Image subsizes deferral enabled for import
[13:05:23 UTC] [INFO] Image subsizes deferral enabled for import
[13:05:23 UTC] [INFO] Image subsizes deferral enabled for import
[13:05:25 UTC] [INFO] Image subsizes deferral enabled for import
[13:05:26 UTC] [INFO] Image subsizes deferral enabled for import
[13:05:27 UTC] [INFO] Image subsizes deferral enabled for import
[13:05:28 UTC] [INFO] Image subsizes deferral enabled for import
[13:05:28 UTC] [INFO] Image subsizes deferral enabled for import
[13:05:28 UTC] [INFO] Image subsizes deferral enabled for import
[13:05:30 UTC] [INFO] Image subsizes deferral enabled for import
[13:05:32 UTC] [INFO] Image subsizes deferral enabled for import
[13:05:33 UTC] [INFO] Image subsizes deferral enabled for import
[13:05:33 UTC] [INFO] Image subsizes deferral enabled for import
[13:05:33 UTC] [INFO] Image subsizes deferral enabled for import
[13:05:34 UTC] [INFO] Image subsizes deferral enabled for import
[13:05:35 UTC] [INFO] Image subsizes deferral enabled for import
[13:05:35 UTC] [INFO] Image subsizes deferral enabled for import
[13:05:37 UTC] [INFO] Image subsizes deferral enabled for import
[13:05:38 UTC] [INFO] Image subsizes deferral enabled for import
[13:05:38 UTC] [INFO] Image subsizes deferral enabled for import
[13:05:38 UTC] [INFO] Image subsizes deferral enabled for import
[13:05:40 UTC] [INFO] Image subsizes deferral enabled for import
[13:05:43 UTC] [INFO] Image subsizes deferral enabled for import
[13:05:44 UTC] [INFO] Image subsizes deferral enabled for import
[13:05:44 UTC] [INFO] Image subsizes deferral enabled for import
[13:05:44 UTC] [INFO] Image subsizes deferral enabled for import
[13:05:45 UTC] [INFO] Image subsizes deferral enabled for import
[13:05:47 UTC] [INFO] Image subsizes deferral enabled for import
[13:05:49 UTC] [INFO] Image subsizes deferral enabled for import
[13:05:49 UTC] [INFO] Image subsizes deferral enabled for import
[13:05:49 UTC] [INFO] Image subsizes deferral enabled for import
[13:05:51 UTC] [INFO] Image subsizes deferral enabled for import
[13:05:52 UTC] [INFO] Image subsizes deferral enabled for import
[13:05:53 UTC] [INFO] Image subsizes deferral enabled for import
[13:05:53 UTC] [INFO] Image subsizes deferral enabled for import
[13:05:53 UTC] [INFO] Image subsizes deferral enabled for import
[13:05:55 UTC] [INFO] Image subsizes deferral enabled for import
[13:05:55 UTC] [INFO] Image subsizes deferral enabled for import
[13:05:58 UTC] [INFO] Image subsizes deferral enabled for import
[13:05:58 UTC] [INFO] Image subsizes deferral enabled for import
[13:05:58 UTC] [INFO] Image subsizes deferral enabled for import
[13:05:58 UTC] [INFO] Image subsizes deferral enabled for import
[13:06:01 UTC] [INFO] Image subsizes deferral enabled for import
[13:06:03 UTC] [INFO] Image subsizes deferral enabled for import
[13:06:03 UTC] [INFO] Image subsizes deferral enabled for import
[13:06:03 UTC] [INFO] Image subsizes deferral enabled for import
[13:06:03 UTC] [INFO] Image subsizes deferral enabled for import
[13:06:03 UTC] [INFO] Image subsizes deferral enabled for import
[13:06:05 UTC] [INFO] Image subsizes deferral enabled for import
[13:06:05 UTC] [INFO] Image subsizes deferral enabled for import
[13:06:07 UTC] [INFO] Image subsizes deferral enabled for import
[13:06:08 UTC] [INFO] Image subsizes deferral enabled for import
[13:06:08 UTC] [INFO] Image subsizes deferral enabled for import
[13:06:08 UTC] [INFO] Image subsizes deferral enabled for import
[13:06:08 UTC] [INFO] Image subsizes deferral enabled for import
[13:06:10 UTC] [INFO] Image subsizes deferral enabled for import
[13:06:10 UTC] [INFO] Image subsizes deferral enabled for import
[13:06:12 UTC] [INFO] Image subsizes deferral enabled for import
[13:06:13 UTC] [INFO] Image subsizes deferral enabled for import
[13:06:13 UTC] [INFO] Image subsizes deferral enabled for import
[13:06:13 UTC] [INFO] Image subsizes deferral enabled for import
[13:06:15 UTC] [INFO] Image subsizes deferral enabled for import
[13:06:16 UTC] [INFO] Image subsizes deferral enabled for import
[13:06:16 UTC] [INFO] Image subsizes deferral enabled for import
[13:06:18 UTC] [INFO] Image subsizes deferral enabled for import
[13:06:18 UTC] [INFO] Image subsizes deferral enabled for import
[13:06:18 UTC] [INFO] Image subsizes deferral enabled for import
[13:06:18 UTC] [INFO] Image subsizes deferral enabled for import
[13:06:20 UTC] [INFO] Image subsizes deferral enabled for import
[13:06:21 UTC] [INFO] Image subsizes deferral enabled for import
[13:06:22 UTC] [INFO] Image subsizes deferral enabled for import
[13:06:24 UTC] [INFO] Image subsizes deferral enabled for import
[13:06:24 UTC] [INFO] Image subsizes deferral enabled for import
[13:06:24 UTC] [INFO] Image subsizes deferral enabled for import
[13:06:25 UTC] [INFO] Image subsizes deferral enabled for import
[13:06:28 UTC] [INFO] Image subsizes deferral enabled for import
[13:06:29 UTC] [INFO] Image subsizes deferral enabled for import
[13:06:29 UTC] [INFO] Image subsizes deferral enabled for import
[13:06:29 UTC] [INFO] Image subsizes deferral enabled for import
[13:06:30 UTC] [INFO] Image subsizes deferral enabled for import
[13:06:33 UTC] [INFO] Image subsizes deferral enabled for import
[13:06:33 UTC] [INFO] Image subsizes deferral enabled for import
[13:06:33 UTC] [INFO] Image subsizes deferral enabled for import
[13:06:33 UTC] [INFO] Image subsizes deferral enabled for import
[13:06:33 UTC] [INFO] Image subsizes deferral enabled for import
[13:06:35 UTC] [INFO] Image subsizes deferral enabled for import
[13:06:36 UTC] [INFO] Image subsizes deferral enabled for import
[13:06:38 UTC] [INFO] Image subsizes deferral enabled for import
[13:06:38 UTC] [INFO] Image subsizes deferral enabled for import
[13:06:38 UTC] [INFO] Image subsizes deferral enabled for import
[13:06:39 UTC] [INFO] Image subsizes deferral enabled for import
[13:06:39 UTC] [INFO] Image subsizes deferral enabled for import
[13:06:40 UTC] [INFO] Image subsizes deferral enabled for import
[13:06:41 UTC] [INFO] Image subsizes deferral enabled for import
[13:06:43 UTC] [INFO] Image subsizes deferral enabled for import
[13:06:43 UTC] [INFO] Image subsizes deferral enabled for import
[13:06:43 UTC] [INFO] Image subsizes deferral enabled for import
[13:06:45 UTC] [INFO] Image subsizes deferral enabled for import
[13:06:45 UTC] [INFO] Image subsizes deferral enabled for import
[13:06:46 UTC] [INFO] Image subsizes deferral enabled for import
[13:06:48 UTC] [INFO] Image subsizes deferral enabled for import
[13:06:48 UTC] [INFO] Image subsizes deferral enabled for import
[13:06:48 UTC] [INFO] Image subsizes deferral enabled for import
[13:06:50 UTC] [INFO] Image subsizes deferral enabled for import
[13:06:51 UTC] [INFO] Image subsizes deferral enabled for import
[13:06:51 UTC] [INFO] Image subsizes deferral enabled for import
[13:06:53 UTC] [INFO] Image subsizes deferral enabled for import
[13:06:53 UTC] [INFO] Image subsizes deferral enabled for import
[13:06:53 UTC] [INFO] Image subsizes deferral enabled for import
[13:06:55 UTC] [INFO] Image subsizes deferral enabled for import
[13:06:56 UTC] [INFO] Image subsizes deferral enabled for import
[13:06:57 UTC] [INFO] Image subsizes deferral enabled for import
[13:06:58 UTC] [INFO] Image subsizes deferral enabled for import
[13:06:58 UTC] [INFO] Image subsizes deferral enabled for import
[13:06:58 UTC] [INFO] Image subsizes deferral enabled for import
[13:07:00 UTC] [INFO] Image subsizes deferral enabled for import
[13:07:01 UTC] [INFO] Image subsizes deferral enabled for import
[13:07:01 UTC] [INFO] Image subsizes deferral enabled for import
[13:07:02 UTC] [INFO] Image subsizes deferral enabled for import
[13:07:03 UTC] [INFO] Image subsizes deferral enabled for import
[13:07:03 UTC] [INFO] Image subsizes deferral enabled for import
[13:07:03 UTC] [INFO] Image subsizes deferral enabled for import
[13:07:03 UTC] [INFO] Image subsizes deferral enabled for import
[13:07:05 UTC] [INFO] Image subsizes deferral enabled for import
[13:07:07 UTC] [INFO] Image subsizes deferral enabled for import
[13:07:08 UTC] [INFO] Image subsizes deferral enabled for import
[13:07:08 UTC] [INFO] Image subsizes deferral enabled for import
[13:07:08 UTC] [INFO] Image subsizes deferral enabled for import
[13:07:08 UTC] [INFO] Image subsizes deferral enabled for import
[13:07:10 UTC] [INFO] Image subsizes deferral enabled for import
[13:07:12 UTC] [INFO] Image subsizes deferral enabled for import
[13:07:13 UTC] [INFO] Image subsizes deferral enabled for import
[13:07:13 UTC] [INFO] Image subsizes deferral enabled for import
[13:07:13 UTC] [INFO] Image subsizes deferral enabled for import
[13:07:14 UTC] [INFO] Image subsizes deferral enabled for import
[13:07:15 UTC] [INFO] Image subsizes deferral enabled for import
[13:07:16 UTC] [INFO] Image subsizes deferral enabled for import
[13:07:18 UTC] [INFO] Image subsizes deferral enabled for import
[13:07:18 UTC] [INFO] Image subsizes deferral enabled for import
[13:07:18 UTC] [INFO] Image subsizes deferral enabled for import
[13:07:20 UTC] [INFO] Image subsizes deferral enabled for import
[13:07:20 UTC] [INFO] Image subsizes deferral enabled for import
[13:07:21 UTC] [INFO] Image subsizes deferral enabled for import
[13:07:22 UTC] [INFO] Image subsizes deferral enabled for import
[13:07:23 UTC] [INFO] Image subsizes deferral enabled for import
[13:07:23 UTC] [INFO] Image subsizes deferral enabled for import
[13:07:23 UTC] [INFO] Image subsizes deferral enabled for import
[13:07:25 UTC] [INFO] Image subsizes deferral enabled for import
[13:07:26 UTC] [INFO] Image subsizes deferral enabled for import
[13:07:26 UTC] [INFO] Image subsizes deferral enabled for import
[13:07:28 UTC] [INFO] Image subsizes deferral enabled for import
[13:07:28 UTC] [INFO] Image subsizes deferral enabled for import
[13:07:28 UTC] [INFO] Image subsizes deferral enabled for import
[13:07:30 UTC] [INFO] Image subsizes deferral enabled for import
[13:07:32 UTC] [INFO] Image subsizes deferral enabled for import
[13:07:32 UTC] [INFO] Image subsizes deferral enabled for import
[13:07:33 UTC] [INFO] Image subsizes deferral enabled for import
[13:07:33 UTC] [INFO] Image subsizes deferral enabled for import
[13:07:33 UTC] [INFO] Image subsizes deferral enabled for import
[13:07:35 UTC] [INFO] Image subsizes deferral enabled for import
[13:07:36 UTC] [INFO] Image subsizes deferral enabled for import
[13:07:38 UTC] [INFO] Image subsizes deferral enabled for import
[13:07:38 UTC] [INFO] Image subsizes deferral enabled for import
[13:07:38 UTC] [INFO] Image subsizes deferral enabled for import
[13:07:38 UTC] [INFO] Image subsizes deferral enabled for import
[13:07:40 UTC] [INFO] Image subsizes deferral enabled for import
[13:07:42 UTC] [INFO] Image subsizes deferral enabled for import
[13:07:42 UTC] [INFO] Image subsizes deferral enabled for import
[13:07:43 UTC] [INFO] Image subsizes deferral enabled for import
[13:07:43 UTC] [INFO] Image subsizes deferral enabled for import
[13:07:43 UTC] [INFO] Image subsizes deferral enabled for import
[13:07:44 UTC] [INFO] Image subsizes deferral enabled for import
[13:07:45 UTC] [INFO] Image subsizes deferral enabled for import
[13:07:47 UTC] [INFO] Image subsizes deferral enabled for import
[13:07:48 UTC] [INFO] Image subsizes deferral enabled for import
[13:07:48 UTC] [INFO] Image subsizes deferral enabled for import
[13:07:48 UTC] [INFO] Image subsizes deferral enabled for import
[13:07:50 UTC] [INFO] Image subsizes deferral enabled for import
[13:07:50 UTC] [INFO] Image subsizes deferral enabled for import
[13:07:52 UTC] [INFO] Image subsizes deferral enabled for import
[13:07:53 UTC] [INFO] Image subsizes deferral enabled for import
[13:07:53 UTC] [INFO] Image subsizes deferral enabled for import
[13:07:53 UTC] [INFO] Image subsizes deferral enabled for import
[13:07:55 UTC] [INFO] Image subsizes deferral enabled for import
[13:07:56 UTC] [INFO] Image subsizes deferral enabled for import
[13:07:56 UTC] [INFO] Image subsizes deferral enabled for import
[13:07:58 UTC] [INFO] Image subsizes deferral enabled for import
[13:07:58 UTC] [INFO] Image subsizes deferral enabled for import
[13:07:58 UTC] [INFO] Image subsizes deferral enabled for import
[13:08:00 UTC] [INFO] Image subsizes deferral enabled for import
[13:08:02 UTC] [INFO] Image subsizes deferral enabled for import
[13:08:02 UTC] [INFO] Image subsizes deferral enabled for import
[13:08:02 UTC] [INFO] Image subsizes deferral enabled for import
[13:08:03 UTC] [INFO] Image subsizes deferral enabled for import
[13:08:03 UTC] [INFO] Image subsizes deferral enabled for import
[13:08:03 UTC] [INFO] Image subsizes deferral enabled for import
[13:08:03 UTC] [INFO] Image subsizes deferral enabled for import
[13:08:05 UTC] [INFO] Image subsizes deferral enabled for import
[13:08:07 UTC] [INFO] Image subsizes deferral enabled for import
[13:08:08 UTC] [INFO] Image subsizes deferral enabled for import
[13:08:08 UTC] [INFO] Image subsizes deferral enabled for import
[13:08:08 UTC] [INFO] Image subsizes deferral enabled for import
[13:08:08 UTC] [INFO] Image subsizes deferral enabled for import
[13:08:08 UTC] [INFO] Image subsizes deferral enabled for import
[13:08:08 UTC] [INFO] Image subsizes deferral enabled for import
[13:08:10 UTC] [INFO] Image subsizes deferral enabled for import
[13:08:11 UTC] [INFO] Image subsizes deferral enabled for import
[13:08:13 UTC] [INFO] Image subsizes deferral enabled for import
[13:08:13 UTC] [INFO] Image subsizes deferral enabled for import
[13:08:13 UTC] [INFO] Image subsizes deferral enabled for import
[13:08:14 UTC] [INFO] Image subsizes deferral enabled for import
[13:08:15 UTC] [INFO] Image subsizes deferral enabled for import
[13:08:16 UTC] [INFO] Image subsizes deferral enabled for import
[13:08:18 UTC] [INFO] Image subsizes deferral enabled for import
[13:08:18 UTC] [INFO] Image subsizes deferral enabled for import
[13:08:18 UTC] [INFO] Image subsizes deferral enabled for import
[13:08:20 UTC] [INFO] Image subsizes deferral enabled for import
[13:08:20 UTC] [INFO] Image subsizes deferral enabled for import
[13:08:21 UTC] [INFO] Image subsizes deferral enabled for import
[13:08:23 UTC] [INFO] Image subsizes deferral enabled for import
[13:08:23 UTC] [INFO] Image subsizes deferral enabled for import
[13:08:23 UTC] [INFO] Image subsizes deferral enabled for import
[13:08:24 UTC] [INFO] Image subsizes deferral enabled for import
[13:08:25 UTC] [INFO] Image subsizes deferral enabled for import
[13:08:26 UTC] [INFO] Image subsizes deferral enabled for import
[13:08:26 UTC] [INFO] Image subsizes deferral enabled for import
[13:08:28 UTC] [INFO] Image subsizes deferral enabled for import
[13:08:28 UTC] [INFO] Image subsizes deferral enabled for import
[13:08:28 UTC] [INFO] Image subsizes deferral enabled for import
[13:08:29 UTC] [INFO] Image subsizes deferral enabled for import
[13:08:30 UTC] [INFO] Image subsizes deferral enabled for import
[13:08:32 UTC] [INFO] Image subsizes deferral enabled for import
[13:08:32 UTC] [INFO] Image subsizes deferral enabled for import
[13:08:33 UTC] [INFO] Image subsizes deferral enabled for import
[13:08:33 UTC] [INFO] Image subsizes deferral enabled for import
[13:08:33 UTC] [INFO] Image subsizes deferral enabled for import
[13:08:35 UTC] [INFO] Image subsizes deferral enabled for import
[13:08:36 UTC] [INFO] Image subsizes deferral enabled for import
[13:08:38 UTC] [INFO] Image subsizes deferral enabled for import
[13:08:38 UTC] [INFO] Image subsizes deferral enabled for import
[13:08:38 UTC] [INFO] Image subsizes deferral enabled for import
[13:08:38 UTC] [INFO] Image subsizes deferral enabled for import
[13:08:40 UTC] [INFO] Image subsizes deferral enabled for import
[13:08:41 UTC] [INFO] Image subsizes deferral enabled for import
[13:08:43 UTC] [INFO] Image subsizes deferral enabled for import
[13:08:43 UTC] [INFO] Image subsizes deferral enabled for import
[13:08:43 UTC] [INFO] Image subsizes deferral enabled for import
[13:08:44 UTC] [INFO] Image subsizes deferral enabled for import
[13:08:45 UTC] [INFO] Image subsizes deferral enabled for import
[13:08:45 UTC] [INFO] Image subsizes deferral enabled for import
[13:08:46 UTC] [INFO] Image subsizes deferral enabled for import
[13:08:48 UTC] [INFO] Image subsizes deferral enabled for import
[13:08:48 UTC] [INFO] Image subsizes deferral enabled for import
[13:08:48 UTC] [INFO] Image subsizes deferral enabled for import
[13:08:50 UTC] [INFO] Image subsizes deferral enabled for import
[13:08:51 UTC] [INFO] Image subsizes deferral enabled for import
[13:08:51 UTC] [INFO] Image subsizes deferral enabled for import
[13:08:53 UTC] [INFO] Image subsizes deferral enabled for import
[13:08:53 UTC] [INFO] Image subsizes deferral enabled for import
[13:08:53 UTC] [INFO] Image subsizes deferral enabled for import
[13:08:55 UTC] [INFO] Image subsizes deferral enabled for import
[13:08:56 UTC] [INFO] Image subsizes deferral enabled for import
[13:08:56 UTC] [INFO] Image subsizes deferral enabled for import
[13:08:58 UTC] [INFO] Image subsizes deferral enabled for import
[13:08:58 UTC] [INFO] Image subsizes deferral enabled for import
[13:08:58 UTC] [INFO] Image subsizes deferral enabled for import
[13:09:00 UTC] [INFO] Image subsizes deferral enabled for import
[13:09:01 UTC] [INFO] Image subsizes deferral enabled for import
[13:09:01 UTC] [INFO] Image subsizes deferral enabled for import
[13:09:02 UTC] [INFO] Image subsizes deferral enabled for import
[13:09:03 UTC] [INFO] Image subsizes deferral enabled for import
[13:09:03 UTC] [INFO] Image subsizes deferral enabled for import
[13:09:03 UTC] [INFO] Image subsizes deferral enabled for import
[13:09:05 UTC] [INFO] Image subsizes deferral enabled for import
[13:09:05 UTC] [INFO] Image subsizes deferral enabled for import
[13:09:07 UTC] [INFO] Image subsizes deferral enabled for import
[13:09:07 UTC] [INFO] Image subsizes deferral enabled for import
[13:09:08 UTC] [INFO] Image subsizes deferral enabled for import
[13:09:08 UTC] [INFO] Image subsizes deferral enabled for import
[13:09:08 UTC] [INFO] Image subsizes deferral enabled for import
[13:09:10 UTC] [INFO] Image subsizes deferral enabled for import
[13:09:12 UTC] [INFO] Image subsizes deferral enabled for import
[13:09:13 UTC] [INFO] Image subsizes deferral enabled for import
[13:09:13 UTC] [INFO] Image subsizes deferral enabled for import
[13:09:13 UTC] [INFO] Image subsizes deferral enabled for import
[13:09:13 UTC] [INFO] Image subsizes deferral enabled for import
[13:09:15 UTC] [INFO] Image subsizes deferral enabled for import
[13:09:17 UTC] [INFO] Image subsizes deferral enabled for import
[13:09:18 UTC] [INFO] Image subsizes deferral enabled for import
[13:09:18 UTC] [INFO] Image subsizes deferral enabled for import
[13:09:18 UTC] [INFO] Image subsizes deferral enabled for import
[13:09:19 UTC] [INFO] Image subsizes deferral enabled for import
[13:09:20 UTC] [INFO] Image subsizes deferral enabled for import
[13:09:22 UTC] [INFO] Image subsizes deferral enabled for import
[13:09:23 UTC] [INFO] Image subsizes deferral enabled for import
[13:09:23 UTC] [INFO] Image subsizes deferral enabled for import
[13:09:23 UTC] [INFO] Image subsizes deferral enabled for import
[13:09:25 UTC] [INFO] Image subsizes deferral enabled for import
[13:09:25 UTC] [INFO] Image subsizes deferral enabled for import
[13:09:25 UTC] [INFO] Image subsizes deferral enabled for import
[13:09:27 UTC] [INFO] Image subsizes deferral enabled for import
[13:09:28 UTC] [INFO] Image subsizes deferral enabled for import
[13:09:28 UTC] [INFO] Image subsizes deferral enabled for import
[13:09:28 UTC] [INFO] Image subsizes deferral enabled for import
[13:09:30 UTC] [INFO] Image subsizes deferral enabled for import
[13:09:31 UTC] [INFO] Image subsizes deferral enabled for import
[13:09:31 UTC] [INFO] Image subsizes deferral enabled for import
[13:09:33 UTC] [INFO] Image subsizes deferral enabled for import
[13:09:33 UTC] [INFO] Image subsizes deferral enabled for import
[13:09:33 UTC] [INFO] Image subsizes deferral enabled for import
[13:09:35 UTC] [INFO] Image subsizes deferral enabled for import
[13:09:37 UTC] [INFO] Image subsizes deferral enabled for import
[13:09:37 UTC] [INFO] Image subsizes deferral enabled for import
[13:09:38 UTC] [INFO] Image subsizes deferral enabled for import
[13:09:38 UTC] [INFO] Image subsizes deferral enabled for import
[13:09:38 UTC] [INFO] Image subsizes deferral enabled for import
[13:09:40 UTC] [INFO] Image subsizes deferral enabled for import
[13:09:41 UTC] [INFO] Image subsizes deferral enabled for import
[13:09:42 UTC] [INFO] Image subsizes deferral enabled for import
[13:09:43 UTC] [INFO] Image subsizes deferral enabled for import
[13:09:43 UTC] [INFO] Image subsizes deferral enabled for import
[13:09:43 UTC] [INFO] Image subsizes deferral enabled for import
[13:09:45 UTC] [INFO] Image subsizes deferral enabled for import
[13:09:46 UTC] [INFO] Image subsizes deferral enabled for import
[13:09:46 UTC] [INFO] Image subsizes deferral enabled for import
[13:09:48 UTC] [INFO] Image subsizes deferral enabled for import
[13:09:48 UTC] [INFO] Image subsizes deferral enabled for import
[13:09:48 UTC] [INFO] Image subsizes deferral enabled for import
[13:09:48 UTC] [INFO] Image subsizes deferral enabled for import
[13:09:50 UTC] [INFO] Image subsizes deferral enabled for import
[13:09:52 UTC] [INFO] Image subsizes deferral enabled for import
[13:09:53 UTC] [INFO] Image subsizes deferral enabled for import
[13:09:53 UTC] [INFO] Image subsizes deferral enabled for import
[13:09:53 UTC] [INFO] Image subsizes deferral enabled for import
[13:09:54 UTC] [INFO] Image subsizes deferral enabled for import
[13:09:55 UTC] [INFO] Image subsizes deferral enabled for import
[13:09:57 UTC] [INFO] Image subsizes deferral enabled for import
[13:09:58 UTC] [INFO] Image subsizes deferral enabled for import
[13:09:58 UTC] [INFO] Image subsizes deferral enabled for import
[13:09:58 UTC] [INFO] Image subsizes deferral enabled for import
[13:10:00 UTC] [INFO] Image subsizes deferral enabled for import
[13:10:00 UTC] [INFO] Image subsizes deferral enabled for import
[13:10:02 UTC] [INFO] Image subsizes deferral enabled for import
[13:10:03 UTC] [INFO] Image subsizes deferral enabled for import
[13:10:03 UTC] [INFO] Image subsizes deferral enabled for import
[13:10:03 UTC] [INFO] Image subsizes deferral enabled for import
[13:10:03 UTC] [INFO] Image subsizes deferral enabled for import
[13:10:05 UTC] [INFO] Image subsizes deferral enabled for import
[13:10:06 UTC] [INFO] Image subsizes deferral enabled for import
[13:10:06 UTC] [INFO] Image subsizes deferral enabled for import
[13:10:06 UTC] [INFO] Image subsizes deferral enabled for import
[13:10:07 UTC] [INFO] Image subsizes deferral enabled for import
[13:10:07 UTC] [INFO] Image subsizes deferral enabled for import
[13:10:08 UTC] [INFO] Image subsizes deferral enabled for import
[13:10:08 UTC] [INFO] Image subsizes deferral enabled for import
[13:10:08 UTC] [INFO] Image subsizes deferral enabled for import
[13:10:10 UTC] [INFO] Image subsizes deferral enabled for import
[13:10:11 UTC] [INFO] Image subsizes deferral enabled for import
[13:10:11 UTC] [INFO] Image subsizes deferral enabled for import
[13:10:13 UTC] [INFO] Image subsizes deferral enabled for import
[13:10:13 UTC] [INFO] Image subsizes deferral enabled for import
[13:10:13 UTC] [INFO] Image subsizes deferral enabled for import
[13:10:13 UTC] [INFO] Image subsizes deferral enabled for import
[13:10:15 UTC] [INFO] Image subsizes deferral enabled for import
[13:10:17 UTC] [INFO] Image subsizes deferral enabled for import
[13:10:18 UTC] [INFO] Image subsizes deferral enabled for import
[13:10:18 UTC] [INFO] Image subsizes deferral enabled for import
[13:10:18 UTC] [INFO] Image subsizes deferral enabled for import
[13:10:19 UTC] [INFO] Image subsizes deferral enabled for import
[13:10:20 UTC] [INFO] Image subsizes deferral enabled for import
[13:10:21 UTC] [INFO] Image subsizes deferral enabled for import
[13:10:23 UTC] [INFO] Image subsizes deferral enabled for import
[13:10:23 UTC] [INFO] Image subsizes deferral enabled for import
[13:10:23 UTC] [INFO] Image subsizes deferral enabled for import
[13:10:25 UTC] [INFO] Image subsizes deferral enabled for import
[13:10:25 UTC] [INFO] Image subsizes deferral enabled for import
[13:10:27 UTC] [INFO] Image subsizes deferral enabled for import
[13:10:28 UTC] [INFO] Image subsizes deferral enabled for import
[13:10:28 UTC] [INFO] Image subsizes deferral enabled for import
[13:10:28 UTC] [INFO] Image subsizes deferral enabled for import
[13:10:28 UTC] [INFO] Image subsizes deferral enabled for import
[13:10:30 UTC] [INFO] Image subsizes deferral enabled for import
[13:10:31 UTC] [INFO] Image subsizes deferral enabled for import
[13:10:31 UTC] [INFO] Image subsizes deferral enabled for import
[13:10:33 UTC] [INFO] Image subsizes deferral enabled for import
[13:10:33 UTC] [INFO] Image subsizes deferral enabled for import
[13:10:33 UTC] [INFO] Image subsizes deferral enabled for import
[13:10:35 UTC] [INFO] Image subsizes deferral enabled for import
[13:10:37 UTC] [INFO] Image subsizes deferral enabled for import
[13:10:37 UTC] [INFO] Image subsizes deferral enabled for import
[13:10:38 UTC] [INFO] Image subsizes deferral enabled for import
[13:10:38 UTC] [INFO] Image subsizes deferral enabled for import
[13:10:38 UTC] [INFO] Image subsizes deferral enabled for import
[13:10:40 UTC] [INFO] Image subsizes deferral enabled for import
[13:10:42 UTC] [INFO] Image subsizes deferral enabled for import
[13:10:43 UTC] [INFO] Image subsizes deferral enabled for import
[13:10:43 UTC] [INFO] Image subsizes deferral enabled for import
[13:10:43 UTC] [INFO] Image subsizes deferral enabled for import
[13:10:43 UTC] [INFO] Image subsizes deferral enabled for import
[13:10:45 UTC] [INFO] Image subsizes deferral enabled for import
[13:10:47 UTC] [INFO] Image subsizes deferral enabled for import
[13:10:48 UTC] [INFO] Image subsizes deferral enabled for import
[13:10:48 UTC] [INFO] Image subsizes deferral enabled for import
[13:10:48 UTC] [INFO] Image subsizes deferral enabled for import
[13:10:49 UTC] [INFO] Image subsizes deferral enabled for import
[13:10:49 UTC] [INFO] Image subsizes deferral enabled for import
[13:10:50 UTC] [INFO] Image subsizes deferral enabled for import
[13:10:51 UTC] [INFO] Image subsizes deferral enabled for import
[13:10:53 UTC] [INFO] Image subsizes deferral enabled for import
[13:10:53 UTC] [INFO] Image subsizes deferral enabled for import
[13:10:53 UTC] [INFO] Image subsizes deferral enabled for import
[13:10:55 UTC] [INFO] Image subsizes deferral enabled for import
[13:10:55 UTC] [INFO] Image subsizes deferral enabled for import
[13:10:57 UTC] [INFO] Image subsizes deferral enabled for import
[13:10:58 UTC] [INFO] Image subsizes deferral enabled for import
[13:10:58 UTC] [INFO] Image subsizes deferral enabled for import
[13:10:58 UTC] [INFO] Image subsizes deferral enabled for import
[13:11:00 UTC] [INFO] Image subsizes deferral enabled for import
[13:11:01 UTC] [INFO] Image subsizes deferral enabled for import
[13:11:01 UTC] [INFO] Image subsizes deferral enabled for import
[13:11:03 UTC] [INFO] Image subsizes deferral enabled for import
[13:11:03 UTC] [INFO] Image subsizes deferral enabled for import
[13:11:03 UTC] [INFO] Image subsizes deferral enabled for import
[13:11:03 UTC] [INFO] Image subsizes deferral enabled for import
[13:11:05 UTC] [INFO] Image subsizes deferral enabled for import
[13:11:06 UTC] [INFO] Image subsizes deferral enabled for import
[13:11:07 UTC] [INFO] Image subsizes deferral enabled for import
[13:11:08 UTC] [INFO] Image subsizes deferral enabled for import
[13:11:08 UTC] [INFO] Image subsizes deferral enabled for import
[13:11:08 UTC] [INFO] Image subsizes deferral enabled for import
[13:11:10 UTC] [INFO] Image subsizes deferral enabled for import
[13:11:11 UTC] [INFO] Image subsizes deferral enabled for import
[13:11:11 UTC] [INFO] Image subsizes deferral enabled for import
[13:11:13 UTC] [INFO] Image subsizes deferral enabled for import
[13:11:13 UTC] [INFO] Image subsizes deferral enabled for import
[13:11:13 UTC] [INFO] Image subsizes deferral enabled for import
[13:11:13 UTC] [INFO] Image subsizes deferral enabled for import
[13:11:15 UTC] [INFO] Image subsizes deferral enabled for import
[13:11:17 UTC] [INFO] Image subsizes deferral enabled for import
[13:11:18 UTC] [INFO] Image subsizes deferral enabled for import
[13:11:18 UTC] [INFO] Image subsizes deferral enabled for import
[13:11:18 UTC] [INFO] Image subsizes deferral enabled for import
[13:11:19 UTC] [INFO] Image subsizes deferral enabled for import
[13:11:20 UTC] [INFO] Image subsizes deferral enabled for import
[13:11:21 UTC] [INFO] Image subsizes deferral enabled for import
[13:11:23 UTC] [INFO] Image subsizes deferral enabled for import
[13:11:23 UTC] [INFO] Image subsizes deferral enabled for import
[13:11:23 UTC] [INFO] Image subsizes deferral enabled for import
[13:11:25 UTC] [INFO] Image subsizes deferral enabled for import
[13:11:25 UTC] [INFO] Image subsizes deferral enabled for import
[13:11:26 UTC] [INFO] Image subsizes deferral enabled for import
[13:11:28 UTC] [INFO] Image subsizes deferral enabled for import
[13:11:28 UTC] [INFO] Image subsizes deferral enabled for import
[13:11:28 UTC] [INFO] Image subsizes deferral enabled for import
[13:11:30 UTC] [INFO] Image subsizes deferral enabled for import
[13:11:31 UTC] [INFO] Image subsizes deferral enabled for import
[13:11:31 UTC] [INFO] Image subsizes deferral enabled for import
[13:11:33 UTC] [INFO] Image subsizes deferral enabled for import
[13:11:33 UTC] [INFO] Image subsizes deferral enabled for import
[13:11:33 UTC] [INFO] Image subsizes deferral enabled for import
[13:11:34 UTC] [INFO] Image subsizes deferral enabled for import
[13:11:35 UTC] [INFO] Image subsizes deferral enabled for import
[13:11:35 UTC] [INFO] Image subsizes deferral enabled for import
[13:11:36 UTC] [INFO] Image subsizes deferral enabled for import
[13:11:37 UTC] [INFO] Image subsizes deferral enabled for import
[13:11:38 UTC] [INFO] Image subsizes deferral enabled for import
[13:11:38 UTC] [INFO] Image subsizes deferral enabled for import
[13:11:38 UTC] [INFO] Image subsizes deferral enabled for import
[13:11:40 UTC] [INFO] Image subsizes deferral enabled for import
[13:11:41 UTC] [INFO] Image subsizes deferral enabled for import
[13:11:41 UTC] [INFO] Image subsizes deferral enabled for import
[13:11:43 UTC] [INFO] Image subsizes deferral enabled for import
[13:11:43 UTC] [INFO] Image subsizes deferral enabled for import
[13:11:43 UTC] [INFO] Image subsizes deferral enabled for import
[13:11:43 UTC] [INFO] Image subsizes deferral enabled for import
[13:11:43 UTC] [INFO] Image subsizes deferral enabled for import
[13:11:44 UTC] [INFO] Image subsizes deferral enabled for import
[13:11:45 UTC] [INFO] Image subsizes deferral enabled for import
[13:11:46 UTC] [INFO] Image subsizes deferral enabled for import
[13:11:46 UTC] [INFO] Image subsizes deferral enabled for import
[13:11:46 UTC] [INFO] Image subsizes deferral enabled for import
[13:11:48 UTC] [INFO] Image subsizes deferral enabled for import
[13:11:48 UTC] [INFO] Image subsizes deferral enabled for import
[13:11:48 UTC] [INFO] Image subsizes deferral enabled for import
[13:11:49 UTC] [INFO] Image subsizes deferral enabled for import
[13:11:50 UTC] [INFO] Image subsizes deferral enabled for import
[13:11:51 UTC] [INFO] Image subsizes deferral enabled for import
[13:11:53 UTC] [INFO] Image subsizes deferral enabled for import
[13:11:53 UTC] [INFO] Image subsizes deferral enabled for import
[13:11:53 UTC] [INFO] Image subsizes deferral enabled for import
[13:11:55 UTC] [INFO] Image subsizes deferral enabled for import
[13:11:55 UTC] [INFO] Image subsizes deferral enabled for import
[13:11:56 UTC] [INFO] Image subsizes deferral enabled for import
[13:11:56 UTC] [INFO] Image subsizes deferral enabled for import
[13:11:58 UTC] [INFO] Image subsizes deferral enabled for import
[13:11:58 UTC] [INFO] Image subsizes deferral enabled for import
[13:11:58 UTC] [INFO] Image subsizes deferral enabled for import
[13:12:00 UTC] [INFO] Image subsizes deferral enabled for import
[13:12:01 UTC] [INFO] Image subsizes deferral enabled for import
[13:12:02 UTC] [INFO] Image subsizes deferral enabled for import
[13:12:02 UTC] [INFO] Image subsizes deferral enabled for import
[13:12:03 UTC] [INFO] Image subsizes deferral enabled for import
[13:12:03 UTC] [INFO] Image subsizes deferral enabled for import
[13:12:03 UTC] [INFO] Image subsizes deferral enabled for import
[13:12:05 UTC] [INFO] Image subsizes deferral enabled for import
[13:12:06 UTC] [INFO] Image subsizes deferral enabled for import
[13:12:07 UTC] [INFO] Image subsizes deferral enabled for import
[13:12:07 UTC] [INFO] Image subsizes deferral enabled for import
[13:12:08 UTC] [INFO] Image subsizes deferral enabled for import
[13:12:08 UTC] [INFO] Image subsizes deferral enabled for import
[13:12:08 UTC] [INFO] Image subsizes deferral enabled for import
[13:12:08 UTC] [INFO] Image subsizes deferral enabled for import
[13:12:10 UTC] [INFO] Image subsizes deferral enabled for import
[13:12:11 UTC] [INFO] Image subsizes deferral enabled for import
[13:12:13 UTC] [INFO] Image subsizes deferral enabled for import
[13:12:13 UTC] [INFO] Image subsizes deferral enabled for import
[13:12:13 UTC] [INFO] Image subsizes deferral enabled for import
[13:12:13 UTC] [INFO] Image subsizes deferral enabled for import
[13:12:15 UTC] [INFO] Image subsizes deferral enabled for import
[13:12:16 UTC] [INFO] Image subsizes deferral enabled for import
[13:12:18 UTC] [INFO] Image subsizes deferral enabled for import
[13:12:18 UTC] [INFO] Image subsizes deferral enabled for import
[13:12:18 UTC] [INFO] Image subsizes deferral enabled for import
[13:12:18 UTC] [INFO] Image subsizes deferral enabled for import
[13:12:19 UTC] [INFO] Image subsizes deferral enabled for import
[13:12:19 UTC] [INFO] Image subsizes deferral enabled for import
[13:12:20 UTC] [INFO] Image subsizes deferral enabled for import
[13:12:21 UTC] [INFO] Image subsizes deferral enabled for import
[13:12:23 UTC] [INFO] Image subsizes deferral enabled for import
[13:12:23 UTC] [INFO] Image subsizes deferral enabled for import
[13:12:23 UTC] [INFO] Image subsizes deferral enabled for import
[13:12:23 UTC] [INFO] Image subsizes deferral enabled for import
[13:12:25 UTC] [INFO] Image subsizes deferral enabled for import
[13:12:25 UTC] [INFO] Image subsizes deferral enabled for import
[13:12:26 UTC] [INFO] Image subsizes deferral enabled for import
[13:12:28 UTC] [INFO] Image subsizes deferral enabled for import
[13:12:28 UTC] [INFO] Image subsizes deferral enabled for import
[13:12:28 UTC] [INFO] Image subsizes deferral enabled for import
[13:12:30 UTC] [INFO] Image subsizes deferral enabled for import
[13:12:31 UTC] [INFO] Image subsizes deferral enabled for import
[13:12:31 UTC] [INFO] Image subsizes deferral enabled for import
[13:12:33 UTC] [INFO] Image subsizes deferral enabled for import
[13:12:33 UTC] [INFO] Image subsizes deferral enabled for import
[13:12:33 UTC] [INFO] Image subsizes deferral enabled for import
[13:12:35 UTC] [INFO] Image subsizes deferral enabled for import
[13:12:36 UTC] [INFO] Image subsizes deferral enabled for import
[13:12:37 UTC] [INFO] Image subsizes deferral enabled for import
[13:12:38 UTC] [INFO] Image subsizes deferral enabled for import
[13:12:38 UTC] [INFO] Image subsizes deferral enabled for import
[13:12:38 UTC] [INFO] Image subsizes deferral enabled for import
[13:12:39 UTC] [INFO] Image subsizes deferral enabled for import
[13:12:40 UTC] [INFO] Image subsizes deferral enabled for import
[13:12:41 UTC] [INFO] Image subsizes deferral enabled for import
[13:12:43 UTC] [INFO] Image subsizes deferral enabled for import
[13:12:43 UTC] [INFO] Image subsizes deferral enabled for import
[13:12:43 UTC] [INFO] Image subsizes deferral enabled for import
[13:12:43 UTC] [INFO] Image subsizes deferral enabled for import
[13:12:45 UTC] [INFO] Image subsizes deferral enabled for import
[13:12:46 UTC] [INFO] Image subsizes deferral enabled for import
[13:12:48 UTC] [INFO] Image subsizes deferral enabled for import
[13:12:48 UTC] [INFO] Image subsizes deferral enabled for import
[13:12:48 UTC] [INFO] Image subsizes deferral enabled for import
[13:12:49 UTC] [INFO] Image subsizes deferral enabled for import
[13:12:50 UTC] [INFO] Image subsizes deferral enabled for import
[13:12:51 UTC] [INFO] Image subsizes deferral enabled for import
[13:12:53 UTC] [INFO] Image subsizes deferral enabled for import
[13:12:53 UTC] [INFO] Image subsizes deferral enabled for import
[13:12:53 UTC] [INFO] Image subsizes deferral enabled for import
[13:12:54 UTC] [INFO] Image subsizes deferral enabled for import
[13:12:55 UTC] [INFO] Image subsizes deferral enabled for import
[13:12:56 UTC] [INFO] Image subsizes deferral enabled for import
[13:12:58 UTC] [INFO] Image subsizes deferral enabled for import
[13:12:58 UTC] [INFO] Image subsizes deferral enabled for import
[13:12:58 UTC] [INFO] Image subsizes deferral enabled for import
[13:13:00 UTC] [INFO] Image subsizes deferral enabled for import
[13:13:00 UTC] [INFO] Image subsizes deferral enabled for import
[13:13:00 UTC] [INFO] Image subsizes deferral enabled for import
[13:13:01 UTC] [INFO] Image subsizes deferral enabled for import
[13:13:02 UTC] [INFO] Image subsizes deferral enabled for import
[13:13:03 UTC] [INFO] Image subsizes deferral enabled for import
[13:13:03 UTC] [INFO] Image subsizes deferral enabled for import
[13:13:03 UTC] [INFO] Image subsizes deferral enabled for import
[13:13:05 UTC] [INFO] Image subsizes deferral enabled for import
[13:13:06 UTC] [INFO] Image subsizes deferral enabled for import
[13:13:06 UTC] [INFO] Image subsizes deferral enabled for import
[13:13:08 UTC] [INFO] Image subsizes deferral enabled for import
[13:13:08 UTC] [INFO] Image subsizes deferral enabled for import
[13:13:08 UTC] [INFO] Image subsizes deferral enabled for import
[13:13:10 UTC] [INFO] Image subsizes deferral enabled for import
[13:13:11 UTC] [INFO] Image subsizes deferral enabled for import
[13:13:12 UTC] [INFO] Image subsizes deferral enabled for import
[13:13:13 UTC] [INFO] Image subsizes deferral enabled for import
[13:13:13 UTC] [INFO] Image subsizes deferral enabled for import
[13:13:13 UTC] [INFO] Image subsizes deferral enabled for import
[13:13:15 UTC] [INFO] Image subsizes deferral enabled for import
[13:13:16 UTC] [INFO] Image subsizes deferral enabled for import
[13:13:18 UTC] [INFO] Image subsizes deferral enabled for import
[13:13:18 UTC] [INFO] Image subsizes deferral enabled for import
[13:13:18 UTC] [INFO] Image subsizes deferral enabled for import
[13:13:18 UTC] [INFO] Image subsizes deferral enabled for import
[13:13:20 UTC] [INFO] Image subsizes deferral enabled for import
[13:13:21 UTC] [INFO] Image subsizes deferral enabled for import
[13:13:21 UTC] [INFO] Image subsizes deferral enabled for import
[13:13:23 UTC] [INFO] Image subsizes deferral enabled for import
[13:13:23 UTC] [INFO] Image subsizes deferral enabled for import
[13:13:23 UTC] [INFO] Image subsizes deferral enabled for import
[13:13:24 UTC] [INFO] Image subsizes deferral enabled for import
[13:13:25 UTC] [INFO] Image subsizes deferral enabled for import
[13:13:27 UTC] [INFO] Image subsizes deferral enabled for import
[13:13:28 UTC] [INFO] Image subsizes deferral enabled for import
[13:13:28 UTC] [INFO] Image subsizes deferral enabled for import
[13:13:28 UTC] [INFO] Image subsizes deferral enabled for import
[13:13:30 UTC] [INFO] Image subsizes deferral enabled for import
[13:13:30 UTC] [INFO] Image subsizes deferral enabled for import
[13:13:31 UTC] [INFO] Image subsizes deferral enabled for import
[13:13:33 UTC] [INFO] Image subsizes deferral enabled for import
[13:13:33 UTC] [INFO] Image subsizes deferral enabled for import
[13:13:33 UTC] [INFO] Image subsizes deferral enabled for import
[13:13:33 UTC] [INFO] Image subsizes deferral enabled for import
[13:13:35 UTC] [INFO] Image subsizes deferral enabled for import
[13:13:35 UTC] [INFO] Image subsizes deferral enabled for import
[13:13:35 UTC] [INFO] Image subsizes deferral enabled for import
[13:13:36 UTC] [INFO] Image subsizes deferral enabled for import
[13:13:36 UTC] [INFO] Image subsizes deferral enabled for import
[13:13:36 UTC] [INFO] Image subsizes deferral enabled for import
[13:13:38 UTC] [INFO] Image subsizes deferral enabled for import
[13:13:38 UTC] [INFO] Image subsizes deferral enabled for import
[13:13:38 UTC] [INFO] Image subsizes deferral enabled for import
[13:13:38 UTC] [INFO] Image subsizes deferral enabled for import
[13:13:39 UTC] [INFO] Image subsizes deferral enabled for import
[13:13:40 UTC] [INFO] Image subsizes deferral enabled for import
[13:13:40 UTC] [INFO] Image subsizes deferral enabled for import
[13:13:40 UTC] [INFO] Image subsizes deferral enabled for import
[13:13:41 UTC] [INFO] Image subsizes deferral enabled for import
[13:13:41 UTC] [INFO] Image subsizes deferral enabled for import
[13:13:42 UTC] [INFO] Image subsizes deferral enabled for import
[13:13:42 UTC] [INFO] Image subsizes deferral enabled for import
[13:13:43 UTC] [INFO] Image subsizes deferral enabled for import
[13:13:43 UTC] [INFO] Image subsizes deferral enabled for import
[13:13:43 UTC] [INFO] Image subsizes deferral enabled for import
[13:13:43 UTC] [INFO] Image subsizes deferral enabled for import
[13:13:44 UTC] [INFO] Image subsizes deferral enabled for import
[13:13:45 UTC] [INFO] Image subsizes deferral enabled for import
[13:13:45 UTC] [INFO] Image subsizes deferral enabled for import
[13:13:46 UTC] [INFO] Image subsizes deferral enabled for import
[13:13:46 UTC] [INFO] Image subsizes deferral enabled for import
[13:13:47 UTC] [INFO] Image subsizes deferral enabled for import
[13:13:48 UTC] [INFO] Image subsizes deferral enabled for import
[13:13:48 UTC] [INFO] Image subsizes deferral enabled for import
[13:13:48 UTC] [INFO] Image subsizes deferral enabled for import
[13:13:48 UTC] [INFO] Image subsizes deferral enabled for import
[13:13:48 UTC] [INFO] Image subsizes deferral enabled for import
[13:13:49 UTC] [INFO] Image subsizes deferral enabled for import
[13:13:50 UTC] [INFO] Image subsizes deferral enabled for import
[13:13:50 UTC] [INFO] Image subsizes deferral enabled for import
[13:13:51 UTC] [INFO] Image subsizes deferral enabled for import
[13:13:51 UTC] [INFO] Image subsizes deferral enabled for import
[13:13:52 UTC] [INFO] Image subsizes deferral enabled for import
[13:13:53 UTC] [INFO] Image subsizes deferral enabled for import
[13:13:53 UTC] [INFO] Image subsizes deferral enabled for import
[13:13:53 UTC] [INFO] Image subsizes deferral enabled for import
[13:13:53 UTC] [INFO] Image subsizes deferral enabled for import
[13:13:54 UTC] [INFO] Image subsizes deferral enabled for import
[13:13:54 UTC] [INFO] Image subsizes deferral enabled for import
[13:13:55 UTC] [INFO] Image subsizes deferral enabled for import
[13:13:55 UTC] [INFO] Image subsizes deferral enabled for import
[13:13:56 UTC] [INFO] Image subsizes deferral enabled for import
[13:13:56 UTC] [INFO] Image subsizes deferral enabled for import
[13:13:57 UTC] [INFO] Image subsizes deferral enabled for import
[13:13:58 UTC] [INFO] Image subsizes deferral enabled for import
[13:13:58 UTC] [INFO] Image subsizes deferral enabled for import
[13:13:58 UTC] [INFO] Image subsizes deferral enabled for import
[13:13:58 UTC] [INFO] Image subsizes deferral enabled for import
[13:13:59 UTC] [INFO] Image subsizes deferral enabled for import
[13:14:00 UTC] [INFO] Image subsizes deferral enabled for import
[13:14:00 UTC] [INFO] Image subsizes deferral enabled for import
[13:14:00 UTC] [INFO] Image subsizes deferral enabled for import
[13:14:01 UTC] [INFO] Image subsizes deferral enabled for import
[13:14:01 UTC] [INFO] Image subsizes deferral enabled for import
[13:14:02 UTC] [INFO] Image subsizes deferral enabled for import
[13:14:02 UTC] [INFO] Image subsizes deferral enabled for import
[13:14:03 UTC] [INFO] Image subsizes deferral enabled for import
[13:14:03 UTC] [INFO] Image subsizes deferral enabled for import
[13:14:03 UTC] [INFO] Image subsizes deferral enabled for import
[13:14:03 UTC] [INFO] Image subsizes deferral enabled for import
[13:14:04 UTC] [INFO] Image subsizes deferral enabled for import
[13:14:05 UTC] [INFO] Image subsizes deferral enabled for import
[13:14:05 UTC] [INFO] Image subsizes deferral enabled for import
[13:14:06 UTC] [INFO] Image subsizes deferral enabled for import
[13:14:06 UTC] [INFO] Image subsizes deferral enabled for import
[13:14:06 UTC] [INFO] Image subsizes deferral enabled for import
[13:14:06 UTC] [INFO] Image subsizes deferral enabled for import
[13:14:07 UTC] [INFO] Image subsizes deferral enabled for import
[13:14:08 UTC] [INFO] Image subsizes deferral enabled for import
[13:14:08 UTC] [INFO] Image subsizes deferral enabled for import
[13:14:08 UTC] [INFO] Image subsizes deferral enabled for import
[13:14:08 UTC] [INFO] Image subsizes deferral enabled for import
[13:14:09 UTC] [INFO] Image subsizes deferral enabled for import
[13:14:10 UTC] [INFO] Image subsizes deferral enabled for import
[13:14:10 UTC] [INFO] Image subsizes deferral enabled for import
[13:14:11 UTC] [INFO] Image subsizes deferral enabled for import
[13:14:11 UTC] [INFO] Image subsizes deferral enabled for import
[13:14:12 UTC] [INFO] Image subsizes deferral enabled for import
[13:14:12 UTC] [INFO] Image subsizes deferral enabled for import
[13:14:13 UTC] [INFO] Image subsizes deferral enabled for import
[13:14:13 UTC] [INFO] Image subsizes deferral enabled for import
[13:14:13 UTC] [INFO] Image subsizes deferral enabled for import
[13:14:13 UTC] [INFO] Image subsizes deferral enabled for import
[13:14:14 UTC] [INFO] Image subsizes deferral enabled for import
[13:14:15 UTC] [INFO] Image subsizes deferral enabled for import
[13:14:15 UTC] [INFO] Image subsizes deferral enabled for import
[13:14:16 UTC] [INFO] Image subsizes deferral enabled for import
[13:14:16 UTC] [INFO] Image subsizes deferral enabled for import
[13:14:17 UTC] [INFO] Image subsizes deferral enabled for import
[13:14:18 UTC] [INFO] Image subsizes deferral enabled for import
[13:14:18 UTC] [INFO] Image subsizes deferral enabled for import
[13:14:18 UTC] [INFO] Image subsizes deferral enabled for import
[13:14:18 UTC] [INFO] Image subsizes deferral enabled for import
[13:14:18 UTC] [INFO] Image subsizes deferral enabled for import
[13:14:18 UTC] [INFO] Image subsizes deferral enabled for import
[13:14:19 UTC] [INFO] Image subsizes deferral enabled for import
[13:14:20 UTC] [INFO] Image subsizes deferral enabled for import
[13:14:20 UTC] [INFO] Image subsizes deferral enabled for import
[13:14:21 UTC] [INFO] Image subsizes deferral enabled for import
[13:14:21 UTC] [INFO] Image subsizes deferral enabled for import
[13:14:22 UTC] [INFO] Image subsizes deferral enabled for import
[13:14:23 UTC] [INFO] Image subsizes deferral enabled for import
[13:14:23 UTC] [INFO] Image subsizes deferral enabled for import
[13:14:23 UTC] [INFO] Image subsizes deferral enabled for import
[13:14:23 UTC] [INFO] Image subsizes deferral enabled for import
[13:14:24 UTC] [INFO] Image subsizes deferral enabled for import
[13:14:24 UTC] [INFO] Image subsizes deferral enabled for import
[13:14:24 UTC] [INFO] Image subsizes deferral enabled for import
[13:14:25 UTC] [INFO] Image subsizes deferral enabled for import
[13:14:25 UTC] [INFO] Image subsizes deferral enabled for import
[13:14:26 UTC] [INFO] Image subsizes deferral enabled for import
[13:14:26 UTC] [INFO] Image subsizes deferral enabled for import
[13:14:27 UTC] [INFO] Image subsizes deferral enabled for import
[13:14:28 UTC] [INFO] Image subsizes deferral enabled for import
[13:14:28 UTC] [INFO] Image subsizes deferral enabled for import
[13:14:28 UTC] [INFO] Image subsizes deferral enabled for import
[13:14:28 UTC] [INFO] Image subsizes deferral enabled for import
[13:14:29 UTC] [INFO] Image subsizes deferral enabled for import
[13:14:29 UTC] [INFO] Image subsizes deferral enabled for import
[13:14:30 UTC] [INFO] Image subsizes deferral enabled for import
[13:14:30 UTC] [INFO] Image subsizes deferral enabled for import
[13:14:31 UTC] [INFO] Image subsizes deferral enabled for import
[13:14:31 UTC] [INFO] Image subsizes deferral enabled for import
[13:14:32 UTC] [INFO] Image subsizes deferral enabled for import
[13:14:32 UTC] [INFO] Image subsizes deferral enabled for import
[13:14:33 UTC] [INFO] Image subsizes deferral enabled for import
[13:14:33 UTC] [INFO] Image subsizes deferral enabled for import
[13:14:33 UTC] [INFO] Image subsizes deferral enabled for import
[13:14:33 UTC] [INFO] Image subsizes deferral enabled for import
[13:14:34 UTC] [INFO] Image subsizes deferral enabled for import
[13:14:35 UTC] [INFO] Image subsizes deferral enabled for import
[13:14:35 UTC] [INFO] Image subsizes deferral enabled for import
[13:14:35 UTC] [INFO] Image subsizes deferral enabled for import
[13:14:36 UTC] [INFO] Image subsizes deferral enabled for import
[13:14:36 UTC] [INFO] Image subsizes deferral enabled for import
[13:14:37 UTC] [INFO] Image subsizes deferral enabled for import
[13:14:38 UTC] [INFO] Image subsizes deferral enabled for import
[13:14:38 UTC] [INFO] Image subsizes deferral enabled for import
[13:14:38 UTC] [INFO] Image subsizes deferral enabled for import
[13:14:38 UTC] [INFO] Image subsizes deferral enabled for import
[13:14:39 UTC] [INFO] Image subsizes deferral enabled for import
[13:14:40 UTC] [INFO] Image subsizes deferral enabled for import
[13:14:40 UTC] [INFO] Image subsizes deferral enabled for import
[13:14:41 UTC] [INFO] Image subsizes deferral enabled for import
[13:14:41 UTC] [INFO] Image subsizes deferral enabled for import
[13:14:41 UTC] [INFO] Image subsizes deferral enabled for import
[13:14:42 UTC] [INFO] Image subsizes deferral enabled for import
[13:14:43 UTC] [INFO] Image subsizes deferral enabled for import
[13:14:43 UTC] [INFO] Image subsizes deferral enabled for import
[13:14:43 UTC] [INFO] Image subsizes deferral enabled for import
[13:14:43 UTC] [INFO] Image subsizes deferral enabled for import
[13:14:44 UTC] [INFO] Image subsizes deferral enabled for import
[13:14:45 UTC] [INFO] Image subsizes deferral enabled for import
[13:14:45 UTC] [INFO] Image subsizes deferral enabled for import
[13:14:45 UTC] [INFO] Image subsizes deferral enabled for import
[13:14:46 UTC] [INFO] Image subsizes deferral enabled for import
[13:14:46 UTC] [INFO] Image subsizes deferral enabled for import
[13:14:47 UTC] [INFO] Image subsizes deferral enabled for import
[13:14:47 UTC] [INFO] Image subsizes deferral enabled for import
[13:14:48 UTC] [INFO] Image subsizes deferral enabled for import
[13:14:48 UTC] [INFO] Image subsizes deferral enabled for import
[13:14:48 UTC] [INFO] Image subsizes deferral enabled for import
[13:14:50 UTC] [INFO] Image subsizes deferral enabled for import
[13:14:51 UTC] [INFO] Image subsizes deferral enabled for import
[13:14:53 UTC] [INFO] Image subsizes deferral enabled for import
[13:14:53 UTC] [INFO] Image subsizes deferral enabled for import
[13:14:53 UTC] [INFO] Image subsizes deferral enabled for import
[13:14:53 UTC] [INFO] Image subsizes deferral enabled for import
[13:14:55 UTC] [INFO] Image subsizes deferral enabled for import
[13:14:57 UTC] [INFO] Image subsizes deferral enabled for import
[13:14:58 UTC] [INFO] Image subsizes deferral enabled for import
[13:14:58 UTC] [INFO] Image subsizes deferral enabled for import
[13:14:58 UTC] [INFO] Image subsizes deferral enabled for import
[13:14:59 UTC] [INFO] Image subsizes deferral enabled for import
[13:15:00 UTC] [INFO] Image subsizes deferral enabled for import
[13:15:01 UTC] [INFO] Image subsizes deferral enabled for import
[13:15:03 UTC] [INFO] Image subsizes deferral enabled for import
[13:15:03 UTC] [INFO] Image subsizes deferral enabled for import
[13:15:03 UTC] [INFO] Image subsizes deferral enabled for import
[13:15:03 UTC] [INFO] Image subsizes deferral enabled for import
[13:15:05 UTC] [INFO] Image subsizes deferral enabled for import
[13:15:05 UTC] [INFO] Image subsizes deferral enabled for import
[13:15:05 UTC] [INFO] Image subsizes deferral enabled for import
[13:15:07 UTC] [INFO] Image subsizes deferral enabled for import
[13:15:08 UTC] [INFO] Image subsizes deferral enabled for import
[13:15:08 UTC] [INFO] Image subsizes deferral enabled for import
[13:15:08 UTC] [INFO] Image subsizes deferral enabled for import
[13:15:10 UTC] [INFO] Image subsizes deferral enabled for import
[13:15:11 UTC] [INFO] Image subsizes deferral enabled for import
[13:15:12 UTC] [INFO] Image subsizes deferral enabled for import
[13:15:13 UTC] [INFO] Image subsizes deferral enabled for import
[13:15:13 UTC] [INFO] Image subsizes deferral enabled for import
[13:15:13 UTC] [INFO] Image subsizes deferral enabled for import
[13:15:15 UTC] [INFO] Image subsizes deferral enabled for import
[13:15:17 UTC] [INFO] Image subsizes deferral enabled for import
[13:15:17 UTC] [INFO] Image subsizes deferral enabled for import
[13:15:18 UTC] [INFO] Image subsizes deferral enabled for import
[13:15:18 UTC] [INFO] Image subsizes deferral enabled for import
[13:15:18 UTC] [INFO] Image subsizes deferral enabled for import
[13:15:20 UTC] [INFO] Image subsizes deferral enabled for import
[13:15:22 UTC] [INFO] Image subsizes deferral enabled for import
[13:15:23 UTC] [INFO] Image subsizes deferral enabled for import
[13:15:23 UTC] [INFO] Image subsizes deferral enabled for import
[13:15:23 UTC] [INFO] Image subsizes deferral enabled for import
[13:15:23 UTC] [INFO] Image subsizes deferral enabled for import
[13:15:25 UTC] [INFO] Image subsizes deferral enabled for import
[13:15:26 UTC] [INFO] Image subsizes deferral enabled for import
[13:15:26 UTC] [INFO] Image subsizes deferral enabled for import
[13:15:28 UTC] [INFO] Image subsizes deferral enabled for import
[13:15:28 UTC] [INFO] Image subsizes deferral enabled for import
[13:15:28 UTC] [INFO] Image subsizes deferral enabled for import
[13:15:28 UTC] [INFO] Image subsizes deferral enabled for import
[13:15:30 UTC] [INFO] Image subsizes deferral enabled for import
[13:15:31 UTC] [INFO] Image subsizes deferral enabled for import
[13:15:33 UTC] [INFO] Image subsizes deferral enabled for import
[13:15:33 UTC] [INFO] Image subsizes deferral enabled for import
[13:15:33 UTC] [INFO] Image subsizes deferral enabled for import
[13:15:34 UTC] [INFO] Image subsizes deferral enabled for import
[13:15:35 UTC] [INFO] Image subsizes deferral enabled for import
[13:15:37 UTC] [INFO] Image subsizes deferral enabled for import
[13:15:38 UTC] [INFO] Image subsizes deferral enabled for import
[13:15:38 UTC] [INFO] Image subsizes deferral enabled for import
[13:15:38 UTC] [INFO] Image subsizes deferral enabled for import
[13:15:40 UTC] [INFO] Image subsizes deferral enabled for import
[13:15:41 UTC] [INFO] Image subsizes deferral enabled for import
[13:15:42 UTC] [INFO] Image subsizes deferral enabled for import
[13:15:43 UTC] [INFO] Image subsizes deferral enabled for import
[13:15:43 UTC] [INFO] Image subsizes deferral enabled for import
[13:15:43 UTC] [INFO] Image subsizes deferral enabled for import
[13:15:45 UTC] [INFO] Image subsizes deferral enabled for import
[13:15:47 UTC] [INFO] Image subsizes deferral enabled for import
[13:15:47 UTC] [INFO] Image subsizes deferral enabled for import
[13:15:47 UTC] [INFO] Image subsizes deferral enabled for import
[13:15:48 UTC] [INFO] Image subsizes deferral enabled for import
[13:15:48 UTC] [INFO] Image subsizes deferral enabled for import
[13:15:48 UTC] [INFO] Image subsizes deferral enabled for import
[13:15:50 UTC] [INFO] Image subsizes deferral enabled for import
[13:15:52 UTC] [INFO] Image subsizes deferral enabled for import
[13:15:52 UTC] [INFO] Image subsizes deferral enabled for import
[13:15:53 UTC] [INFO] Image subsizes deferral enabled for import
[13:15:53 UTC] [INFO] Image subsizes deferral enabled for import
[13:15:53 UTC] [INFO] Image subsizes deferral enabled for import
[13:15:55 UTC] [INFO] Image subsizes deferral enabled for import
[13:15:57 UTC] [INFO] Image subsizes deferral enabled for import
[13:15:58 UTC] [INFO] Image subsizes deferral enabled for import
[13:15:58 UTC] [INFO] Image subsizes deferral enabled for import
[13:15:58 UTC] [INFO] Image subsizes deferral enabled for import
[13:15:58 UTC] [INFO] Image subsizes deferral enabled for import
[13:16:00 UTC] [INFO] Image subsizes deferral enabled for import
[13:16:02 UTC] [INFO] Image subsizes deferral enabled for import
[13:16:03 UTC] [INFO] Image subsizes deferral enabled for import
[13:16:03 UTC] [INFO] Image subsizes deferral enabled for import
[13:16:03 UTC] [INFO] Image subsizes deferral enabled for import
[13:16:03 UTC] [INFO] Image subsizes deferral enabled for import
[13:16:05 UTC] [INFO] Image subsizes deferral enabled for import
[13:16:05 UTC] [INFO] Image subsizes deferral enabled for import
[13:16:07 UTC] [INFO] Image subsizes deferral enabled for import
[13:16:08 UTC] [INFO] Image subsizes deferral enabled for import
[13:16:08 UTC] [INFO] Image subsizes deferral enabled for import
[13:16:08 UTC] [INFO] Image subsizes deferral enabled for import
[13:16:08 UTC] [INFO] Image subsizes deferral enabled for import
[13:16:08 UTC] [INFO] Image subsizes deferral enabled for import
[13:16:09 UTC] [INFO] Image subsizes deferral enabled for import
[13:16:09 UTC] [INFO] Image subsizes deferral enabled for import
[13:16:09 UTC] [INFO] Image subsizes deferral enabled for import
[13:16:10 UTC] [INFO] Image subsizes deferral enabled for import
[13:16:11 UTC] [INFO] Image subsizes deferral enabled for import
[13:16:11 UTC] [INFO] Image subsizes deferral enabled for import
[13:16:13 UTC] [INFO] Image subsizes deferral enabled for import
[13:16:13 UTC] [INFO] Image subsizes deferral enabled for import
[13:16:13 UTC] [INFO] Image subsizes deferral enabled for import
[13:16:13 UTC] [INFO] Image subsizes deferral enabled for import
[13:16:15 UTC] [INFO] Image subsizes deferral enabled for import
[13:16:17 UTC] [INFO] Image subsizes deferral enabled for import
[13:16:17 UTC] [INFO] Image subsizes deferral enabled for import
[13:16:18 UTC] [INFO] Image subsizes deferral enabled for import
[13:16:18 UTC] [INFO] Image subsizes deferral enabled for import
[13:16:18 UTC] [INFO] Image subsizes deferral enabled for import
[13:16:20 UTC] [INFO] Image subsizes deferral enabled for import
[13:16:21 UTC] [INFO] Image subsizes deferral enabled for import
[13:16:23 UTC] [INFO] Image subsizes deferral enabled for import
[13:16:23 UTC] [INFO] Image subsizes deferral enabled for import
[13:16:23 UTC] [INFO] Image subsizes deferral enabled for import
[13:16:23 UTC] [INFO] Image subsizes deferral enabled for import
[13:16:25 UTC] [INFO] Image subsizes deferral enabled for import
[13:16:26 UTC] [INFO] Image subsizes deferral enabled for import
[13:16:28 UTC] [INFO] Image subsizes deferral enabled for import
[13:16:28 UTC] [INFO] Image subsizes deferral enabled for import
[13:16:28 UTC] [INFO] Image subsizes deferral enabled for import
[13:16:29 UTC] [INFO] Image subsizes deferral enabled for import
[13:16:29 UTC] [INFO] Image subsizes deferral enabled for import
[13:16:30 UTC] [INFO] Image subsizes deferral enabled for import
[13:16:32 UTC] [INFO] Image subsizes deferral enabled for import
[13:16:33 UTC] [INFO] Image subsizes deferral enabled for import
[13:16:33 UTC] [INFO] Image subsizes deferral enabled for import
[13:16:33 UTC] [INFO] Image subsizes deferral enabled for import
[13:16:34 UTC] [INFO] Image subsizes deferral enabled for import
[13:16:34 UTC] [INFO] Image subsizes deferral enabled for import
[13:16:35 UTC] [INFO] Image subsizes deferral enabled for import
[13:16:35 UTC] [INFO] Image subsizes deferral enabled for import
[13:16:36 UTC] [INFO] Image subsizes deferral enabled for import
[13:16:38 UTC] [INFO] Image subsizes deferral enabled for import
[13:16:38 UTC] [INFO] Image subsizes deferral enabled for import
[13:16:38 UTC] [INFO] Image subsizes deferral enabled for import
[13:16:38 UTC] [INFO] Image subsizes deferral enabled for import
[13:16:38 UTC] [INFO] Image subsizes deferral enabled for import
[13:16:38 UTC] [INFO] Image subsizes deferral enabled for import
[13:16:41 UTC] [INFO] Image subsizes deferral enabled for import
[13:16:46 UTC] [INFO] Image subsizes deferral enabled for import
[13:16:51 UTC] [INFO] Image subsizes deferral enabled for import
[13:16:56 UTC] [INFO] Image subsizes deferral enabled for import
[13:17:01 UTC] [INFO] Image subsizes deferral enabled for import
[13:17:02 UTC] [INFO] Image subsizes deferral enabled for import
[13:17:06 UTC] [INFO] Image subsizes deferral enabled for import
[13:17:07 UTC] [INFO] Image subsizes deferral enabled for import
[13:17:11 UTC] [INFO] Image subsizes deferral enabled for import
[13:17:11 UTC] [INFO] Image subsizes deferral enabled for import
[13:17:17 UTC] [INFO] Image subsizes deferral enabled for import
[13:17:22 UTC] [INFO] Image subsizes deferral enabled for import
[13:17:27 UTC] [INFO] Image subsizes deferral enabled for import
[13:17:32 UTC] [INFO] Image subsizes deferral enabled for import
[13:17:34 UTC] [INFO] Image subsizes deferral enabled for import
[13:17:36 UTC] [INFO] Image subsizes deferral enabled for import
[13:17:42 UTC] [INFO] Image subsizes deferral enabled for import
[13:17:42 UTC] [INFO] Image subsizes deferral enabled for import
[13:17:42 UTC] [INFO] Image subsizes deferral enabled for import
[13:17:47 UTC] [INFO] Image subsizes deferral enabled for import
[13:17:52 UTC] [INFO] Image subsizes deferral enabled for import
[13:17:54 UTC] [INFO] Image subsizes deferral enabled for import
[13:17:55 UTC] [INFO] Image subsizes deferral enabled for import
[13:17:55 UTC] [INFO] Image subsizes deferral enabled for import
[13:17:57 UTC] [INFO] Image subsizes deferral enabled for import
[13:18:00 UTC] [INFO] Image subsizes deferral enabled for import
[13:18:02 UTC] [INFO] Image subsizes deferral enabled for import
[13:18:03 UTC] [INFO] Image subsizes deferral enabled for import
[13:18:07 UTC] [INFO] Image subsizes deferral enabled for import
[13:18:12 UTC] [INFO] Image subsizes deferral enabled for import
[13:18:17 UTC] [INFO] Image subsizes deferral enabled for import
[13:18:22 UTC] [INFO] Image subsizes deferral enabled for import
[13:18:27 UTC] [INFO] Image subsizes deferral enabled for import
[13:18:32 UTC] [INFO] Image subsizes deferral enabled for import
[13:18:35 UTC] [INFO] Image subsizes deferral enabled for import
[13:18:36 UTC] [INFO] Image subsizes deferral enabled for import
[13:18:41 UTC] [INFO] Image subsizes deferral enabled for import
[13:18:46 UTC] [INFO] Image subsizes deferral enabled for import
[13:18:47 UTC] [INFO] Image subsizes deferral enabled for import
[13:18:51 UTC] [INFO] Image subsizes deferral enabled for import
[13:18:52 UTC] [INFO] Image subsizes deferral enabled for import
[13:18:56 UTC] [INFO] Image subsizes deferral enabled for import
[13:19:01 UTC] [INFO] Image subsizes deferral enabled for import
[13:19:03 UTC] [INFO] Image subsizes deferral enabled for import
[13:19:06 UTC] [INFO] Image subsizes deferral enabled for import
[13:19:06 UTC] [INFO] Image subsizes deferral enabled for import
[13:19:12 UTC] [INFO] Image subsizes deferral enabled for import
[13:19:17 UTC] [INFO] Image subsizes deferral enabled for import
[13:19:22 UTC] [INFO] Image subsizes deferral enabled for import
[13:19:27 UTC] [INFO] Image subsizes deferral enabled for import
[13:19:32 UTC] [INFO] Image subsizes deferral enabled for import
[13:19:37 UTC] [INFO] Image subsizes deferral enabled for import
[13:19:42 UTC] [INFO] Image subsizes deferral enabled for import
[13:19:47 UTC] [INFO] Image subsizes deferral enabled for import
[13:19:52 UTC] [INFO] Image subsizes deferral enabled for import
[13:19:57 UTC] [INFO] Image subsizes deferral enabled for import
[13:20:02 UTC] [INFO] Image subsizes deferral enabled for import
[13:20:04 UTC] [INFO] Image subsizes deferral enabled for import
[13:20:07 UTC] [INFO] Image subsizes deferral enabled for import
[13:20:12 UTC] [INFO] Image subsizes deferral enabled for import
[13:21:11 UTC] [INFO] Image subsizes deferral enabled for import
[13:22:05 UTC] [INFO] Image subsizes deferral enabled for import
[13:22:11 UTC] [INFO] Image subsizes deferral enabled for import